datetime,iso_year,iso_week,total_population,total_cases_formula,inc_per_10k,temp_mean,temp_max,temp_min,rh_mean,rh_max,rh_min
2011-01-03,2011,1,4600276,4139.0,8.997286249781535,-6.727380952380953,1.0,-12.2,88.41071428571429,95,80
2011-01-10,2011,2,4600276,6456.0,14.033940572261317,-4.704166666666667,2.5,-14.4,87.78571428571429,97,79
2011-01-17,2011,3,4600276,17218.0,37.42818909126322,-5.432142857142857,-0.6,-15.9,90.92857142857143,98,77
2011-01-24,2011,4,4600276,28598.0,62.16583526727526,-6.477380952380953,-0.3,-16.9,87.57142857142857,94,79
2011-01-31,2011,5,4600276,30927.0,67.2285749811533,-2.5136904761904764,1.1,-12.4,90.94642857142857,98,82
2011-02-07,2011,6,4600276,37033.0,80.50169163763218,-10.70952380952381,-1.2,-19.2,83.85119047619048,97,70
2011-02-14,2011,7,4600276,30160.0,65.56128371428149,-21.751190476190477,-15.6,-27.0,77.30357142857143,83,67
2011-02-21,2011,8,4600276,7987.0,17.36200175815538,-14.607142857142858,-4.5,-22.4,80.17261904761905,87,67
2011-02-28,2011,9,4600276,28080.0,61.039815871917256,-5.821428571428571,0.1,-15.7,83.92261904761905,94,65
2011-03-07,2011,10,4600276,8844.0,19.22493346051411,-2.5785714285714283,1.7,-12.2,82.88095238095238,95,59
2011-03-14,2011,11,4600276,16887.0,36.70866704519468,-3.1464285714285714,2.9,-11.8,82.76190476190476,96,62
2011-03-21,2011,12,4600276,8894.0,19.33362259134017,-3.155357142857143,4.6,-11.2,79.36904761904762,96,55
2011-03-28,2011,13,4600276,5085.0,11.053684605010655,-2.0630952380952383,5.8,-10.8,81.89880952380952,97,54
2011-04-04,2011,14,4600276,1466.0,3.1867653158201814,2.463690476190476,6.9,-1.6,86.18452380952381,100,63
2011-04-11,2011,15,4600276,2349.0,5.106215366208462,1.4375,8.9,-4.2,78.95238095238095,100,58
2011-04-18,2011,16,4600276,448.0,0.9738546122015288,4.666666666666667,14.7,-4.2,71.85119047619048,94,47
2011-04-25,2011,17,4600276,3311.0,7.197394243301924,7.2821428571428575,17.7,-0.2,68.81547619047619,99,36
2011-05-02,2011,18,4600276,891.0,1.936840311320451,5.123214285714286,15.5,-2.0,81.85714285714286,99,43
2011-05-09,2011,19,4600276,4933.0,10.723269647299423,10.855357142857143,18.5,3.9,57.38690476190476,94,33
2011-05-16,2011,20,4600276,3188.0,6.930018981469808,11.773214285714285,17.8,5.4,70.0952380952381,99,43
2011-05-23,2011,21,4600276,0.0,0.0,12.491666666666665,22.3,5.3,72.00595238095238,98,39
2011-05-30,2011,22,4600276,0.0,0.0,16.152380952380952,26.7,8.2,66.5952380952381,95,42
2011-06-06,2011,23,4600276,0.0,0.0,18.771428571428572,25.5,7.9,56.035714285714285,90,31
2011-06-13,2011,24,4600276,0.0,0.0,14.311904761904762,20.3,10.0,82.86904761904762,100,43
2011-06-20,2011,25,4600276,0.0,0.0,15.404761904761905,20.4,10.8,82.23214285714286,100,49
2011-06-27,2011,26,4600276,0.0,0.0,20.22797619047619,28.0,12.3,76.70833333333333,98,43
2011-07-04,2011,27,4600276,0.0,0.0,20.695238095238096,27.4,15.2,78.04166666666667,100,45
2011-07-11,2011,28,4600276,0.0,0.0,19.380357142857143,26.7,14.0,77.5952380952381,99,50
2011-07-18,2011,29,4600276,0.0,0.0,22.71547619047619,28.9,12.7,73.83928571428571,100,44
2011-07-25,2011,30,4600276,0.0,0.0,21.621428571428574,29.6,16.1,81.3452380952381,99,46
2011-08-01,2011,31,4600276,0.0,0.0,17.0125,23.0,10.1,71.47619047619048,99,46
2011-08-08,2011,32,4600276,0.0,0.0,15.854761904761904,21.2,10.2,85.57738095238095,99,58
2011-08-15,2011,33,4600276,0.0,0.0,17.09642857142857,21.3,11.9,88.58928571428571,100,60
2011-08-22,2011,34,4600276,0.0,0.0,17.25952380952381,25.6,12.2,81.11904761904762,100,48
2011-08-29,2011,35,4600276,0.0,0.0,13.938690476190475,19.3,9.7,84.66666666666667,100,52
2011-09-05,2011,36,4600276,0.0,0.0,13.238095238095237,19.1,8.0,86.20238095238095,99,55
2011-09-12,2011,37,4600276,0.0,0.0,12.62797619047619,17.1,7.0,84.71428571428571,100,61
2011-09-19,2011,38,4600276,0.0,0.0,11.22797619047619,15.5,6.3,86.57738095238095,99,61
2011-09-26,2011,39,4600276,0.0,0.0,10.308928571428572,16.2,6.1,82.25,98,60
2011-10-03,2011,40,4600276,0.0,0.0,9.989880952380952,14.4,3.9,85.2797619047619,100,56
2011-10-10,2011,41,4600276,0.0,0.0,5.2,9.5,-0.2,87.68452380952381,99,64
2011-10-17,2011,42,4600276,0.0,0.0,5.8601190476190474,9.7,1.8,81.33928571428571,97,60
2011-10-24,2011,43,4600276,0.0,0.0,5.538095238095238,9.6,1.6,87.5297619047619,100,57
2011-10-31,2011,44,4600276,0.0,0.0,6.7422619047619055,10.4,0.7,85.69642857142857,100,58
2011-11-07,2011,45,4600276,0.0,0.0,3.0095238095238095,8.3,-2.1,89.30952380952381,99,57
2011-11-14,2011,46,4600276,350.0,0.7608239157824443,1.6166666666666667,5.3,-5.7,85.35119047619048,100,59
2011-11-21,2011,47,4600276,318.0,0.6912628720537637,1.1589285714285713,7.6,-6.6,92.11309523809524,100,67
2011-11-28,2011,48,4600276,0.0,0.0,1.4672619047619047,7.5,-3.3,91.82738095238095,100,69
2011-12-05,2011,49,4600276,368.0,0.7999520028798273,0.5791666666666666,2.5,-1.3,86.33333333333333,99,75
2011-12-12,2011,50,4600276,0.0,0.0,1.5511904761904762,4.5,-0.9,92.42261904761905,100,79
2011-12-19,2011,51,4600276,0.0,0.0,-0.3011904761904762,2.8,-2.9,87.26785714285714,99,71
2011-12-26,2011,52,4899344,0.0,0.0,1.2315476190476191,7.0,-3.6,82.5,96,51
2012-01-02,2012,1,4899344,0.0,0.0,-1.1458333333333333,2.1,-6.5,87.52380952380952,98,67
2012-01-09,2012,2,4899344,0.0,0.0,-2.5,1.6,-7.5,91.82738095238095,98,83
2012-01-16,2012,3,4899344,0.0,0.0,-5.694642857142857,-2.4,-8.6,88.17261904761905,97,80
2012-01-23,2012,4,4899344,382.0,0.7796962205552417,-16.4875,-5.2,-24.6,79.31547619047619,84,70
2012-01-30,2012,5,4899344,3752.0,7.658168113935253,-20.251190476190477,-16.2,-25.3,77.99404761904762,84,68
2012-02-06,2012,6,4899344,1566.0,3.19634628635997,-17.598809523809525,-9.4,-28.6,80.32738095238095,89,69
2012-02-13,2012,7,4899344,7616.0,15.544938261122306,-13.483333333333333,-5.4,-22.0,80.93452380952381,88,69
2012-02-20,2012,8,4899344,8842.0,18.04731408939646,-2.580952380952381,1.4,-7.1,88.69047619047619,99,71
2012-02-27,2012,9,4899344,13377.0,27.303655346511693,-3.6083333333333334,1.8,-12.6,87.35714285714286,98,73
2012-03-05,2012,10,4899344,13630.0,27.82005101091085,-6.810714285714286,2.0,-16.2,84.7797619047619,97,63
2012-03-12,2012,11,4899344,15581.0,31.80221678657388,-1.0297619047619047,3.1,-9.8,83.31547619047619,97,61
2012-03-19,2012,12,4899344,21312.0,43.499701184485104,-1.130952380952381,2.3,-7.8,84.48809523809524,100,51
2012-03-26,2012,13,4899344,20100.0,41.02590061036743,-2.0535714285714284,4.2,-10.7,79.85119047619048,98,40
2012-04-02,2012,14,4899344,11914.0,24.31754128716008,-0.894047619047619,4.3,-8.4,76.33928571428571,99,45
2012-04-09,2012,15,4899344,16779.0,34.24744210653508,2.2220238095238094,12.4,-6.3,73.73214285714286,98,39
2012-04-16,2012,16,4899344,32091.0,65.50060579538811,4.566071428571429,13.6,-3.9,80.875,100,48
2012-04-23,2012,17,4899344,15534.0,31.706285576191423,9.067857142857143,14.8,3.4,81.7797619047619,100,54
2012-04-30,2012,18,4899344,11180.0,22.819381533527757,7.2214285714285715,14.9,-1.2,64.22619047619048,93,35
2012-05-07,2012,19,4899344,2050.0,4.1842336443409565,10.788690476190476,20.3,3.3,69.91666666666667,98,36
2012-05-14,2012,20,4899344,1580.0,3.2249215405164446,13.45,25.2,1.2,64.11904761904762,97,33
2012-05-21,2012,21,4899344,0.0,0.0,13.327976190476189,23.0,4.7,64.23809523809524,100,33
2012-05-28,2012,22,4899344,431.0,0.8797096101029036,11.063095238095238,19.9,3.3,70.43452380952381,98,34
2012-06-04,2012,23,4899344,0.0,0.0,13.15357142857143,21.1,5.0,64.75,96,35
2012-06-11,2012,24,4899344,0.0,0.0,16.430357142857144,23.5,9.3,74.36904761904762,100,37
2012-06-18,2012,25,4899344,0.0,0.0,14.763095238095238,21.3,9.2,71.14285714285714,100,33
2012-06-25,2012,26,4899344,0.0,0.0,14.610714285714286,20.8,7.3,77.74404761904762,100,44
2012-07-02,2012,27,4899344,0.0,0.0,19.142261904761906,29.2,10.9,68.875,99,37
2012-07-09,2012,28,4899344,0.0,0.0,18.56845238095238,26.0,12.4,75.56547619047619,99,36
2012-07-16,2012,29,4899344,0.0,0.0,15.003571428571428,20.2,11.0,79.9047619047619,99,55
2012-07-23,2012,30,4899344,0.0,0.0,19.142261904761906,31.8,10.5,75.26785714285714,98,40
2012-07-30,2012,31,4899344,0.0,0.0,19.31904761904762,31.9,11.8,73.85714285714286,98,41
2012-08-06,2012,32,4899344,0.0,0.0,14.727976190476191,24.5,9.9,76.68452380952381,98,54
2012-08-13,2012,33,4899344,0.0,0.0,16.945833333333333,22.4,10.0,76.79761904761905,100,47
2012-08-20,2012,34,4899344,0.0,0.0,13.913095238095238,18.5,8.5,82.08333333333333,100,46
2012-08-27,2012,35,4899344,0.0,0.0,13.279761904761905,18.8,7.1,80.86904761904762,99,51
2012-09-03,2012,36,4899344,0.0,0.0,12.066666666666666,18.2,6.3,84.36904761904762,98,48
2012-09-10,2012,37,4899344,0.0,0.0,13.313690476190475,23.1,5.7,81.18452380952381,98,55
2012-09-17,2012,38,4899344,0.0,0.0,12.842261904761905,18.8,5.7,79.25,100,58
2012-09-24,2012,39,4899344,0.0,0.0,10.64642857142857,16.2,6.4,86.85119047619048,99,67
2012-10-01,2012,40,4899344,0.0,0.0,10.136309523809524,15.6,5.1,88.02380952380952,99,65
2012-10-08,2012,41,4899344,0.0,0.0,5.202976190476191,9.7,-0.3,91.70833333333333,100,68
2012-10-15,2012,42,4899344,0.0,0.0,8.35892857142857,13.8,2.5,91.76190476190476,100,76
2012-10-22,2012,43,4899344,0.0,0.0,1.1738095238095236,6.3,-3.1,86.61309523809524,98,60
2012-10-29,2012,44,4899344,633.0,1.292009705789183,1.1142857142857143,5.6,-3.6,89.25595238095238,100,65
2012-11-05,2012,45,4899344,0.0,0.0,0.9851190476190477,4.3,-3.7,89.29166666666667,100,65
2012-11-12,2012,46,4899344,0.0,0.0,4.306547619047619,7.2,0.5,89.38095238095238,100,59
2012-11-19,2012,47,4899344,0.0,0.0,3.6035714285714286,5.0,0.6,89.44047619047619,100,75
2012-11-26,2012,48,4899344,0.0,0.0,-4.357142857142857,2.2,-10.6,84.47619047619048,100,67
2012-12-03,2012,49,4899344,0.0,0.0,-5.483333333333333,-2.1,-9.1,91.10714285714286,95,85
2012-12-10,2012,50,4899344,0.0,0.0,-7.335714285714286,-0.3,-12.7,83.5952380952381,93,72
2012-12-17,2012,51,4899344,0.0,0.0,-17.496428571428574,-10.8,-24.1,78.8452380952381,84,68
2012-12-24,2012,52,4899344,916.0,1.869638057666496,-7.4452380952380945,1.6,-19.2,86.13690476190476,97,70
2012-12-31,2013,1,4953219,0.0,0.0,-1.4,2.2,-5.5,92.95833333333333,98,85
2013-01-07,2013,2,4953219,1757.0,3.5471882022579657,-8.164880952380953,-3.0,-15.6,88.33928571428571,97,80
2013-01-14,2013,3,4953219,5304.0,10.708187948079823,-11.613095238095237,-3.7,-25.1,85.68452380952381,92,74
2013-01-21,2013,4,4953219,6902.0,13.934372778591053,-7.948214285714285,-4.2,-13.1,85.01190476190476,91,71
2013-01-28,2013,5,4953219,15170.0,30.62654810942137,-4.611309523809524,0.9,-13.8,88.0952380952381,96,75
2013-02-04,2013,6,4953219,29074.0,58.69718257965174,-2.5666666666666664,0.7,-8.1,92.82142857142857,98,79
2013-02-11,2013,7,4953219,29146.0,58.84254259704649,-3.1886904761904766,0.7,-9.2,90.875,97,75
2013-02-18,2013,8,4953219,36373.0,73.43305434304439,-6.8827380952380945,-1.9,-11.3,86.89285714285714,94,73
2013-02-25,2013,9,4953219,33395.0,67.42080251246715,-4.773214285714285,1.7,-15.4,85.21428571428571,95,62
2013-03-04,2013,10,4953219,14861.0,30.00271136810224,-9.1375,1.9,-16.4,79.69642857142857,91,61
2013-03-11,2013,11,4953219,24585.0,49.63438927291526,-11.060119047619047,-5.3,-17.8,76.76190476190476,90,47
2013-03-18,2013,12,4953219,15892.0,32.08418606162982,-9.980952380952381,-2.5,-18.9,74.70833333333333,90,60
2013-03-25,2013,13,4953219,17852.0,36.04120875737576,-5.164285714285715,1.6,-13.5,81.36309523809524,96,57
2013-04-01,2013,14,4953219,13032.0,26.31016314844953,-2.2916666666666665,3.9,-10.8,81.38095238095238,96,50
2013-04-08,2013,15,4953219,20361.0,41.10660158575666,0.5017857142857143,7.2,-9.6,82.66071428571429,99,52
2013-04-15,2013,16,4953219,13431.0,27.11569991151209,5.994642857142857,14.0,-0.1,73.125,97,40
2013-04-22,2013,17,4953219,12945.0,26.134519794097532,5.396428571428571,12.5,-2.3,73.32142857142857,99,39
2013-04-29,2013,18,4953219,5093.0,10.282202341547992,7.364285714285715,16.5,-1.9,64.52380952380952,97,30
2013-05-06,2013,19,4953219,3802.0,7.675816474094927,12.069642857142858,20.8,2.2,74.38095238095238,100,36
2013-05-13,2013,20,4953219,5811.0,11.731764737234512,15.632142857142856,25.3,7.2,78.05357142857143,100,41
2013-05-20,2013,21,4953219,1361.0,2.747708106586848,14.425,19.2,10.5,74.98809523809524,100,50
2013-05-27,2013,22,4953219,0.0,0.0,18.367857142857144,25.4,12.5,69.43452380952381,98,40
2013-06-03,2013,23,4953219,0.0,0.0,18.85654761904762,26.6,12.3,67.23809523809524,99,31
2013-06-10,2013,24,4953219,270.0,0.5451000652303077,15.880952380952381,22.2,10.2,73.76190476190476,100,43
2013-06-17,2013,25,4953219,0.0,0.0,17.28988095238095,25.6,10.1,66.54166666666667,97,39
2013-06-24,2013,26,4953219,0.0,0.0,22.12202380952381,30.4,15.3,75.78571428571429,100,41
2013-07-01,2013,27,4953219,0.0,0.0,19.53690476190476,26.1,14.2,78.05952380952381,100,43
2013-07-08,2013,28,4953219,0.0,0.0,18.98035714285714,25.3,12.2,65.10714285714286,95,34
2013-07-15,2013,29,4953219,0.0,0.0,16.361904761904764,24.2,11.5,71.60714285714286,98,40
2013-07-22,2013,30,4953219,0.0,0.0,17.00297619047619,21.9,12.7,82.7202380952381,98,59
2013-07-29,2013,31,4953219,0.0,0.0,18.805357142857144,25.8,12.6,78.5952380952381,100,47
2013-08-05,2013,32,4953219,0.0,0.0,20.58154761904762,28.0,15.1,77.7202380952381,100,41
2013-08-12,2013,33,4953219,0.0,0.0,16.52261904761905,23.3,12.9,78.83333333333333,99,51
2013-08-19,2013,34,4953219,0.0,0.0,16.385714285714286,23.4,11.1,77.55952380952381,100,51
2013-08-26,2013,35,4953219,0.0,0.0,15.05297619047619,20.4,9.7,76.04166666666667,99,49
2013-09-02,2013,36,4953219,0.0,0.0,13.614285714285714,19.8,6.4,79.76190476190476,100,51
2013-09-09,2013,37,4953219,587.0,1.1850879195932988,13.017261904761906,18.4,7.0,79.75,99,52
2013-09-16,2013,38,4953219,0.0,0.0,12.932142857142857,17.8,8.3,84.35714285714286,99,59
2013-09-23,2013,39,4953219,0.0,0.0,6.494047619047619,12.2,3.0,85.39880952380952,99,62
2013-09-30,2013,40,4953219,0.0,0.0,5.97797619047619,11.3,1.3,81.48214285714286,99,56
2013-10-07,2013,41,4953219,0.0,0.0,9.54107142857143,13.3,3.0,89.10714285714286,100,57
2013-10-14,2013,42,4953219,0.0,0.0,2.9309523809523808,8.7,-2.3,84.35714285714286,99,56
2013-10-21,2013,43,4953219,0.0,0.0,4.7386904761904765,11.2,-3.6,90.89285714285714,100,65
2013-10-28,2013,44,4953219,0.0,0.0,7.397619047619047,11.2,3.8,91.94642857142857,100,68
2013-11-04,2013,45,4953219,0.0,0.0,5.3672619047619055,7.7,1.6,92.69642857142857,100,73
2013-11-11,2013,46,4953219,587.0,1.1850879195932988,4.276190476190476,7.9,-1.1,88.78571428571429,99,50
2013-11-18,2013,47,4953219,0.0,0.0,3.5714285714285716,5.8,-1.6,88.99404761904762,100,53
2013-11-25,2013,48,4953219,0.0,0.0,-1.311904761904762,4.0,-6.5,84.96428571428571,98,65
2013-12-02,2013,49,4953219,663.0,1.338523493509978,-2.4154761904761903,3.1,-8.3,89.42857142857143,98,64
2013-12-09,2013,50,4953219,2274.0,4.590953882717481,-3.1392857142857142,5.6,-12.2,83.47619047619048,99,61
2013-12-16,2013,51,4953219,0.0,0.0,1.2339285714285715,5.2,-3.1,92.05357142857143,99,77
2013-12-23,2013,52,4953219,418.0,0.8438956565417357,2.9767857142857146,5.0,1.3,88.81547619047619,99,68
2013-12-30,2014,1,5028000,837.0,1.6646778042959427,0.6982142857142857,3.8,-2.6,88.86309523809524,99,77
2014-01-06,2014,2,5028000,443.0,0.8810660302307081,-0.030952380952380953,4.4,-7.0,93.04761904761905,100,72
2014-01-13,2014,3,5028000,1599.0,3.1801909307875897,-10.39345238095238,-7.4,-14.5,86.01190476190476,92,76
2014-01-20,2014,4,5028000,8468.0,16.841686555290373,-11.52202380952381,-6.8,-16.5,83.91071428571429,93,69
2014-01-27,2014,5,5028000,2450.0,4.872712808273668,-13.954761904761906,-4.9,-23.9,71.38095238095238,92,51
2014-02-03,2014,6,5028000,5482.0,10.902943516308673,-4.041666666666667,1.6,-15.2,90.4047619047619,97,73
2014-02-10,2014,7,5028000,9562.0,19.01750198886237,0.1505952380952381,1.7,-2.5,94.66071428571429,99,83
2014-02-17,2014,8,5028000,10393.0,20.67024661893397,-0.5636904761904762,3.3,-7.9,90.46428571428571,99,71
2014-02-24,2014,9,5028000,12075.0,24.015513126491648,-0.7339285714285714,5.2,-6.6,80.9047619047619,93,63
2014-03-03,2014,10,5028000,9853.0,19.59626093874304,1.7886904761904763,6.2,-1.8,81.45238095238095,97,58
2014-03-10,2014,11,5028000,9042.0,17.98329355608592,2.306547619047619,8.5,-4.6,78.60714285714286,99,49
2014-03-17,2014,12,5028000,6681.0,13.287589498806682,-2.270238095238095,9.3,-14.2,81.96428571428571,99,59
2014-03-24,2014,13,5028000,9517.0,18.928003182179797,1.901190476190476,8.2,-4.3,70.58333333333333,98,44
2014-03-31,2014,14,5028000,7720.0,15.354017501988864,0.21071428571428572,6.3,-4.9,70.23809523809524,100,36
2014-04-07,2014,15,5028000,6954.0,13.83054892601432,2.388095238095238,11.2,-4.8,63.17857142857143,100,32
2014-04-14,2014,16,5028000,10721.0,21.322593476531424,6.819047619047619,15.0,0.2,67.97619047619048,98,34
2014-04-21,2014,17,5028000,28789.0,57.25735879077168,8.128571428571428,19.1,-1.7,58.375,93,30
2014-04-28,2014,18,5028000,6215.0,12.360779634049324,6.7839285714285715,16.2,-0.0,66.94642857142857,99,34
2014-05-05,2014,19,5028000,5514.0,10.96658711217184,7.836309523809524,18.9,-1.6,75.79166666666667,99,32
2014-05-12,2014,20,5028000,5810.0,11.555290373906123,11.235714285714286,23.9,4.7,75.39880952380952,100,41
2014-05-19,2014,21,5028000,6329.0,12.587509944311853,20.75,30.1,11.2,67.33333333333333,94,35
2014-05-26,2014,22,5028000,1525.0,3.033015115354017,12.772023809523809,21.7,7.2,86.57738095238095,100,57
2014-06-02,2014,23,5028000,498.0,0.9904534606205252,18.90892857142857,27.7,11.2,76.13095238095238,99,37
2014-06-09,2014,24,5028000,402.0,0.7995226730310262,14.69702380952381,20.2,8.6,74.63690476190476,100,47
2014-06-16,2014,25,5028000,626.0,1.24502784407319,10.92797619047619,16.7,4.7,76.33928571428571,99,48
2014-06-23,2014,26,5028000,427.0,0.8492442322991249,11.717857142857142,18.0,6.5,74.38095238095238,99,44
2014-06-30,2014,27,5028000,0.0,0.0,16.051190476190477,23.0,10.5,80.94642857142857,99,47
2014-07-07,2014,28,5028000,0.0,0.0,18.69404761904762,27.7,11.2,64.66666666666667,98,38
2014-07-14,2014,29,5028000,0.0,0.0,20.94047619047619,27.2,13.5,70.01785714285714,99,38
2014-07-21,2014,30,5028000,0.0,0.0,22.254166666666666,29.8,14.0,63.529761904761905,97,36
2014-07-28,2014,31,5028000,0.0,0.0,23.175,30.4,16.7,69.0297619047619,98,30
2014-08-04,2014,32,5028000,0.0,0.0,22.90297619047619,29.6,16.4,64.4702380952381,98,30
2014-08-11,2014,33,5028000,0.0,0.0,18.470238095238095,27.7,13.3,77.82142857142857,98,42
2014-08-18,2014,34,5028000,0.0,0.0,15.706547619047617,21.0,11.7,73.58928571428571,98,47
2014-08-25,2014,35,5028000,0.0,0.0,12.660714285714286,17.6,8.4,88.81547619047619,99,69
2014-09-01,2014,36,5028000,0.0,0.0,13.863095238095237,19.1,8.6,81.92857142857143,100,59
2014-09-08,2014,37,5028000,0.0,0.0,14.972619047619048,22.3,9.0,82.41071428571429,100,53
2014-09-15,2014,38,5028000,0.0,0.0,11.976190476190476,18.2,6.0,78.875,100,46
2014-09-22,2014,39,5028000,0.0,0.0,9.923214285714286,14.8,4.0,76.97619047619048,100,47
2014-09-29,2014,40,5028000,0.0,0.0,7.9678571428571425,14.4,1.4,79.44642857142857,100,53
2014-10-06,2014,41,5028000,0.0,0.0,8.181547619047619,12.9,1.8,84.61904761904762,99,52
2014-10-13,2014,42,5028000,0.0,0.0,3.1321428571428576,9.7,-2.4,81.56547619047619,98,53
2014-10-20,2014,43,5028000,0.0,0.0,-1.1208333333333333,2.4,-6.9,72.41071428571429,99,47
2014-10-27,2014,44,5028000,0.0,0.0,4.938690476190477,10.8,-3.5,83.83928571428571,98,39
2014-11-03,2014,45,5028000,0.0,0.0,4.191071428571429,8.9,0.7,91.81547619047619,100,68
2014-11-10,2014,46,5028000,0.0,0.0,3.1964285714285716,8.3,-2.5,91.28571428571429,100,76
2014-11-17,2014,47,5028000,0.0,0.0,-3.2720238095238097,0.5,-6.7,90.02380952380952,98,78
2014-11-24,2014,48,5028000,0.0,0.0,-3.2779761904761906,-0.3,-8.9,81.76785714285714,98,66
2014-12-01,2014,49,5028000,557.0,1.1077963404932378,-0.4398809523809523,3.7,-5.2,90.83333333333333,100,76
2014-12-08,2014,50,5028000,0.0,0.0,0.35119047619047616,2.2,-1.1,85.89880952380952,98,72
2014-12-15,2014,51,5028000,815.0,1.6209228321400158,0.6738095238095239,3.0,-1.9,92.48809523809524,99,81
2014-12-22,2014,52,5028000,3920.0,7.796340493237868,-6.130357142857143,-1.8,-10.9,87.27380952380952,95,81
2014-12-29,2015,1,5131942,1023.0,1.99339743122584,-3.0220238095238097,3.4,-12.4,89.4702380952381,99,68
2015-01-05,2015,2,5131942,439.0,0.8554266591477456,-6.061904761904762,0.4,-14.5,84.45238095238095,99,67
2015-01-12,2015,3,5131942,11260.0,21.941011804108463,-0.9321428571428572,2.6,-9.3,89.95833333333333,97,81
2015-01-19,2015,4,5131942,13798.0,26.886508070434157,-9.382142857142858,0.7,-21.3,87.57142857142857,98,76
2015-01-26,2015,5,5131942,20188.0,39.337934840261255,-2.0595238095238093,2.2,-7.2,90.70238095238095,97,83
2015-02-02,2015,6,5131942,20079.0,39.12553961054119,-3.3113095238095234,0.6,-9.1,89.38690476190476,99,77
2015-02-09,2015,7,5131942,24087.0,46.93544860795387,-3.0083333333333333,2.7,-14.1,86.41666666666667,97,72
2015-02-16,2015,8,5131942,29118.0,56.73875503659239,-3.0696428571428576,3.1,-18.5,83.63095238095238,97,58
2015-02-23,2015,9,5131942,22187.0,43.23314643852172,0.8505952380952382,3.6,-1.9,93.05357142857143,100,74
2015-03-02,2015,10,5131942,21493.0,41.88083185663439,1.1982142857142857,7.4,-5.2,87.41071428571429,96,62
2015-03-09,2015,11,5131942,9675.0,18.852512362766376,1.5035714285714286,6.9,-4.5,76.9047619047619,99,44
2015-03-16,2015,12,5131942,11900.0,23.188103061180342,0.7160714285714286,10.1,-5.7,66.41071428571429,93,26
2015-03-23,2015,13,5131942,8101.0,15.785447302405212,1.3958333333333333,9.1,-4.5,64.85714285714286,93,30
2015-03-30,2015,14,5131942,5217.0,10.16574232522503,2.6404761904761904,8.2,-0.9,82.64880952380952,100,56
2015-04-06,2015,15,5131942,7027.0,13.692672286631456,4.942261904761905,18.1,-0.7,68.4047619047619,99,42
2015-04-13,2015,16,5131942,6526.0,12.71643366195487,2.8833333333333333,9.3,-1.7,80.39285714285714,99,48
2015-04-20,2015,17,5131942,2631.0,5.126714214618949,4.170238095238095,10.5,-1.2,76.14880952380952,100,41
2015-04-27,2015,18,5131942,5455.0,10.62950438644864,8.248809523809523,19.6,2.6,78.4047619047619,100,37
2015-05-04,2015,19,5131942,1895.0,3.6925592689862814,10.498214285714287,19.6,2.4,67.44047619047619,99,37
2015-05-11,2015,20,5131942,1361.0,2.652017501366929,9.801190476190476,16.7,3.8,70.8452380952381,98,42
2015-05-18,2015,21,5131942,1160.0,2.2603529034427905,10.02202380952381,19.6,2.6,79.9047619047619,99,40
2015-05-25,2015,22,5131942,2569.0,5.005902249090111,13.495238095238093,21.6,5.5,73.81547619047619,99,38
2015-06-01,2015,23,5131942,439.0,0.8554266591477456,14.376190476190475,20.2,7.7,65.69047619047619,98,39
2015-06-08,2015,24,5131942,0.0,0.0,14.473214285714286,23.2,9.4,66.08333333333333,92,38
2015-06-15,2015,25,5131942,1018.0,1.983654530779966,14.801190476190476,22.5,7.6,64.75,97,39
2015-06-22,2015,26,5131942,399.0,0.7774834555807529,16.1375,22.9,11.1,73.0952380952381,99,45
2015-06-29,2015,27,5131942,0.0,0.0,18.30952380952381,25.2,11.2,67.30357142857143,98,44
2015-07-06,2015,28,5131942,0.0,0.0,15.238095238095237,21.1,10.2,74.0297619047619,100,36
2015-07-13,2015,29,5131942,0.0,0.0,14.823809523809524,21.4,7.1,79.57142857142857,100,50
2015-07-20,2015,30,5131942,0.0,0.0,16.85238095238095,23.4,12.7,78.01785714285714,98,50
2015-07-27,2015,31,5131942,0.0,0.0,16.357142857142858,20.9,10.7,79.625,99,51
2015-08-03,2015,32,5131942,0.0,0.0,18.16488095238095,25.6,11.2,77.45833333333333,100,52
2015-08-10,2015,33,5131942,0.0,0.0,17.603571428571428,27.0,12.2,71.60119047619048,99,46
2015-08-17,2015,34,5131942,0.0,0.0,15.620833333333334,23.7,8.6,74.7202380952381,100,47
2015-08-24,2015,35,5131942,0.0,0.0,16.874404761904763,24.9,10.9,78.2202380952381,98,39
2015-08-31,2015,36,5131942,0.0,0.0,13.92797619047619,19.3,9.7,84.85714285714286,99,54
2015-09-07,2015,37,5131942,0.0,0.0,12.973214285714286,18.6,7.8,82.74404761904762,100,55
2015-09-14,2015,38,5131942,0.0,0.0,14.307142857142857,22.2,8.1,79.20238095238095,99,46
2015-09-21,2015,39,5131942,0.0,0.0,12.835714285714285,20.7,7.4,88.625,100,64
2015-09-28,2015,40,5131942,0.0,0.0,10.227380952380953,14.8,5.3,81.88095238095238,98,48
2015-10-05,2015,41,5131942,0.0,0.0,3.7464285714285714,11.6,-0.2,79.54166666666667,97,59
2015-10-12,2015,42,5131942,0.0,0.0,5.106547619047619,9.7,-0.9,88.98809523809524,100,63
2015-10-19,2015,43,5131942,0.0,0.0,3.294642857142857,7.9,-2.6,89.33333333333333,100,66
2015-10-26,2015,44,5131942,0.0,0.0,2.7208333333333337,7.9,-1.9,87.44047619047619,99,64
2015-11-02,2015,45,5131942,0.0,0.0,4.374404761904762,10.2,-2.0,92.46428571428571,100,70
2015-11-09,2015,46,5131942,0.0,0.0,2.6720238095238096,4.4,-0.3,97.08928571428571,100,86
2015-11-16,2015,47,5131942,1029.0,2.0050889117608888,1.4916666666666667,3.4,-1.3,92.75595238095238,100,74
2015-11-23,2015,48,5131942,1238.0,2.4123421503984264,0.050595238095238096,4.9,-3.0,81.82142857142857,91,65
2015-11-30,2015,49,5131942,3945.0,7.687148451794662,2.2166666666666663,8.0,-1.4,94.125,100,77
2015-12-07,2015,50,5131942,0.0,0.0,3.2666666666666666,7.4,-0.4,87.20238095238095,99,61
2015-12-14,2015,51,5131942,6963.0,13.567963160924268,0.08095238095238096,8.3,-4.8,93.69047619047619,99,83
2015-12-21,2015,52,5131942,5193.0,10.118976403084837,3.1821428571428574,8.4,-5.6,82.23809523809524,99,37
2015-12-28,2015,53,5191690,7485.0,14.417270676793104,-7.189880952380953,-2.5,-14.4,77.75595238095238,92,57
2016-01-04,2016,1,5191690,4053.0,7.80670648671242,-19.195833333333333,-11.7,-24.3,75.89285714285714,83,66
2016-01-11,2016,2,5191690,18092.0,34.84799747288455,-13.679761904761904,-9.1,-20.5,83.66666666666667,90,70
2016-01-18,2016,3,5191690,38351.0,73.86997297604441,-11.72857142857143,-2.6,-17.1,86.94642857142857,97,80
2016-01-25,2016,4,5191690,65302.0,125.7817781878348,-0.7101190476190476,3.9,-12.2,92.33928571428571,100,80
2016-02-01,2016,5,5191690,41098.0,79.16112094520281,-1.369047619047619,1.9,-6.7,88.63095238095238,98,72
2016-02-08,2016,6,5191690,23224.0,44.73302527693295,1.5761904761904764,3.7,-1.1,86.58928571428571,97,68
2016-02-15,2016,7,5191690,14969.0,28.83261519851917,-1.9339285714285712,0.8,-8.6,84.0297619047619,96,72
2016-02-22,2016,8,5191690,9301.0,17.915168278537433,-1.7476190476190478,1.2,-6.1,87.32738095238095,96,70
2016-02-29,2016,9,5191690,20703.0,39.87718835292554,-3.1339285714285716,2.0,-11.2,89.50595238095238,97,72
2016-03-07,2016,10,5191690,8539.0,16.447438117453082,0.7321428571428571,4.3,-3.0,89.56547619047619,100,57
2016-03-14,2016,11,5191690,9462.0,18.22527924433084,-1.269047619047619,5.8,-6.9,72.32738095238095,96,37
2016-03-21,2016,12,5191690,10684.0,20.57904073625351,-0.40119047619047615,9.0,-7.4,50.898809523809526,96,19
2016-03-28,2016,13,5191690,9176.0,17.674398895157452,3.2714285714285714,12.5,-2.9,78.39880952380952,100,34
2016-04-04,2016,14,5191690,7983.0,15.37649590017894,5.585119047619047,14.4,-2.0,71.45238095238095,99,36
2016-04-11,2016,15,5191690,17769.0,34.225849386230685,4.149404761904762,15.2,-3.5,72.63095238095238,99,39
2016-04-18,2016,16,5191690,9719.0,18.72030109656008,4.231547619047619,9.7,-3.1,86.42857142857143,99,44
2016-04-25,2016,17,5191690,19492.0,37.54461456674031,9.06547619047619,17.1,2.0,85.5952380952381,100,51
2016-05-02,2016,18,5191690,6267.0,12.071213805138596,12.16607142857143,19.3,4.0,63.267857142857146,100,34
2016-05-09,2016,19,5191690,5752.0,11.079243945613085,12.554761904761904,20.6,2.9,56.470238095238095,95,29
2016-05-16,2016,20,5191690,4148.0,7.989691218081203,12.678571428571429,18.5,6.8,72.5,100,31
2016-05-23,2016,21,5191690,1528.0,2.943164942436856,14.863690476190476,21.4,8.3,77.67261904761905,100,41
2016-05-30,2016,22,5191690,2267.0,4.366593536979288,16.669642857142858,24.4,8.3,60.19642857142857,96,34
2016-06-06,2016,23,5191690,0.0,0.0,10.554166666666665,18.9,5.3,70.95833333333333,98,40
2016-06-13,2016,24,5191690,0.0,0.0,16.523214285714285,24.5,7.9,71.49404761904762,99,39
2016-06-20,2016,25,5191690,0.0,0.0,18.888095238095236,27.1,13.1,76.63095238095238,99,44
2016-06-27,2016,26,5191690,0.0,0.0,20.16488095238095,29.7,14.3,75.92857142857143,100,45
2016-07-04,2016,27,5191690,0.0,0.0,15.235714285714286,22.8,12.1,88.38690476190476,99,60
2016-07-11,2016,28,5191690,0.0,0.0,18.053571428571427,22.8,13.4,78.61309523809524,97,54
2016-07-18,2016,29,5191690,0.0,0.0,19.036309523809525,25.9,14.1,83.66071428571429,99,58
2016-07-25,2016,30,5191690,0.0,0.0,20.46309523809524,26.3,16.3,84.58928571428571,99,61
2016-08-01,2016,31,5191690,0.0,0.0,17.577380952380953,23.6,12.5,85.56547619047619,100,54
2016-08-08,2016,32,5191690,0.0,0.0,15.89642857142857,21.1,9.8,80.72619047619048,100,49
2016-08-15,2016,33,5191690,0.0,0.0,16.13452380952381,23.6,10.7,87.50595238095238,100,54
2016-08-22,2016,34,5191690,0.0,0.0,16.89702380952381,24.8,11.8,80.76190476190476,99,53
2016-08-29,2016,35,5191690,0.0,0.0,14.267857142857142,18.6,10.1,87.64880952380952,100,58
2016-09-05,2016,36,5191690,0.0,0.0,13.829761904761906,18.1,8.6,82.05357142857143,99,50
2016-09-12,2016,37,5191690,0.0,0.0,12.056547619047619,17.2,8.0,76.91071428571429,95,56
2016-09-19,2016,38,5191690,0.0,0.0,9.910714285714286,13.8,6.8,84.76190476190476,98,56
2016-09-26,2016,39,5191690,0.0,0.0,10.998809523809523,14.8,6.2,87.20238095238095,100,68
2016-10-03,2016,40,5191690,0.0,0.0,6.830952380952381,12.1,3.7,80.66666666666667,100,62
2016-10-10,2016,41,5191690,854.0,1.6449364272520122,4.875,7.7,1.2,83.52380952380952,100,67
2016-10-17,2016,42,5191690,0.0,0.0,1.7648809523809523,5.9,-3.7,79.9702380952381,95,56
2016-10-24,2016,43,5191690,892.0,1.718130319799526,2.4422619047619047,6.0,-0.3,88.46428571428571,100,59
2016-10-31,2016,44,5191690,619.0,1.192289986497653,-2.406547619047619,1.9,-10.7,84.75595238095238,98,64
2016-11-07,2016,45,5191690,2391.0,4.605436765292227,-7.222619047619048,-3.3,-15.3,85.94642857142857,94,77
2016-11-14,2016,46,5191690,1722.0,3.316839025442582,0.28154761904761905,5.7,-4.8,92.66666666666667,99,88
2016-11-21,2016,47,5191690,3475.0,6.6933888579634,1.1083333333333332,4.3,-2.7,91.67261904761905,100,75
2016-11-28,2016,48,5191690,7224.0,13.91454420429571,-4.589880952380953,-0.2,-8.2,87.39285714285714,97,71
2016-12-05,2016,49,5191690,8367.0,16.116139445922233,-3.7654761904761904,3.6,-11.4,87.76190476190476,99,77
2016-12-12,2016,50,5191690,17438.0,33.588292059040505,-4.157142857142857,-0.2,-11.7,90.82142857142857,98,79
2016-12-19,2016,51,5191690,21083.0,40.60912727840068,1.0255952380952382,2.6,-1.8,94.69047619047619,100,85
2016-12-26,2016,52,5225690,30448.0,58.26598975446305,1.125595238095238,5.3,-3.0,89.5952380952381,99,72
2017-01-02,2017,1,5225690,6334.0,12.120887385206546,-13.936904761904762,-0.6,-23.5,70.83333333333333,94,50
2017-01-09,2017,2,5225690,26234.0,50.20198289603861,-2.486904761904762,1.8,-7.2,85.57738095238095,97,67
2017-01-16,2017,3,5225690,19245.0,36.82767251788759,-2.5172619047619045,1.8,-8.6,89.20238095238095,100,70
2017-01-23,2017,4,5225690,21066.0,40.31237980056222,-2.0273809523809527,1.5,-9.7,90.88095238095238,100,57
2017-01-30,2017,5,5225690,20098.0,38.4599928430504,-2.0089285714285716,0.9,-7.8,85.57738095238095,95,71
2017-02-06,2017,6,5225690,21482.0,41.10844692279871,-11.343452380952382,-2.2,-26.5,82.86904761904762,96,58
2017-02-13,2017,7,5225690,16125.0,30.85716910111392,-0.8779761904761905,3.2,-9.8,88.9702380952381,97,70
2017-02-20,2017,8,5225690,11527.0,22.05833105293272,-4.583333333333333,2.5,-14.4,85.30952380952381,96,68
2017-02-27,2017,9,5225690,12369.0,23.66960152630562,-0.9875,6.4,-12.2,86.7797619047619,99,53
2017-03-06,2017,10,5225690,12449.0,23.822691357504944,-0.6119047619047618,5.6,-8.2,82.39880952380952,100,44
2017-03-13,2017,11,5225690,20750.0,39.70767496732488,1.1958333333333333,5.7,-4.3,82.38095238095238,98,59
2017-03-20,2017,12,5225690,15063.0,28.82490159194288,1.5488095238095236,7.9,-3.8,78.86904761904762,99,43
2017-03-27,2017,13,5225690,12062.0,23.08211929907821,0.3488095238095238,6.4,-5.9,70.33928571428571,100,34
2017-04-03,2017,14,5225690,16328.0,31.24563454778221,3.3238095238095235,12.8,-3.4,80.85119047619048,99,39
2017-04-10,2017,15,5225690,10235.0,19.58593027906363,0.3148809523809524,14.4,-12.9,74.95238095238095,98,51
2017-04-17,2017,16,5225690,10755.0,20.58101418185924,-0.8922619047619048,6.2,-8.0,80.66071428571429,100,32
2017-04-24,2017,17,5225690,15077.0,28.851692312402765,3.929761904761905,9.6,-3.8,77.125,99,34
2017-05-01,2017,18,5225690,11221.0,21.472762448595308,6.001190476190477,11.4,-1.1,63.839285714285715,93,40
2017-05-08,2017,19,5225690,6022.0,11.52383704352918,3.1404761904761904,14.1,-3.3,65.71428571428571,98,30
2017-05-15,2017,20,5225690,7337.0,14.040251143868083,10.764880952380953,21.4,0.2,65.47619047619048,95,34
2017-05-22,2017,21,5225690,4509.0,8.628525610971948,11.877380952380953,17.9,5.4,66.61904761904762,97,37
2017-05-29,2017,22,5225690,4866.0,9.311688982698936,8.885119047619048,16.5,3.2,66.56547619047619,96,36
2017-06-05,2017,23,5225690,597.0,1.1424328653249618,13.09047619047619,21.5,4.0,79.25,100,38
2017-06-12,2017,24,5225690,0.0,0.0,14.65595238095238,23.0,7.4,72.0,99,37
2017-06-19,2017,25,5225690,0.0,0.0,13.378571428571428,19.4,8.7,77.14880952380952,96,48
2017-06-26,2017,26,5225690,0.0,0.0,14.191071428571428,20.0,9.9,76.375,95,49
2017-07-03,2017,27,5225690,0.0,0.0,13.945833333333335,22.0,7.8,74.9047619047619,97,42
2017-07-10,2017,28,5225690,0.0,0.0,17.104761904761904,23.5,9.9,75.80357142857143,99,48
2017-07-17,2017,29,5225690,0.0,0.0,14.921428571428573,19.6,10.6,80.64285714285714,100,54
2017-07-24,2017,30,5225690,0.0,0.0,17.211309523809526,24.6,12.1,83.79761904761905,99,51
2017-07-31,2017,31,5225690,0.0,0.0,17.27797619047619,23.0,11.0,82.91071428571429,98,49
2017-08-07,2017,32,5225690,0.0,0.0,17.85892857142857,25.3,10.9,79.16071428571429,97,48
2017-08-14,2017,33,5225690,0.0,0.0,18.20654761904762,26.6,9.1,76.26190476190476,97,45
2017-08-21,2017,34,5225690,0.0,0.0,14.3,18.5,8.8,87.58928571428571,100,55
2017-08-28,2017,35,5225690,0.0,0.0,13.84345238095238,22.0,7.0,77.38095238095238,99,57
2017-09-04,2017,36,5225690,0.0,0.0,11.652380952380952,20.5,7.1,80.73809523809524,98,52
2017-09-11,2017,37,5225690,0.0,0.0,13.397023809523809,22.5,8.2,87.93452380952381,100,69
2017-09-18,2017,38,5225690,0.0,0.0,10.819642857142858,16.5,5.6,83.52380952380952,100,59
2017-09-25,2017,39,5225690,891.0,1.7050379949824808,9.879166666666666,17.0,4.2,85.39880952380952,100,64
2017-10-02,2017,40,5225690,0.0,0.0,7.743452380952381,10.8,5.0,88.44047619047619,100,60
2017-10-09,2017,41,5225690,2270.0,4.343923960280844,6.954166666666667,10.6,3.4,88.41666666666667,99,67
2017-10-16,2017,42,5225690,0.0,0.0,4.829761904761905,11.4,-1.5,88.29166666666667,99,64
2017-10-23,2017,43,5225690,0.0,0.0,0.13214285714285715,3.8,-2.7,81.18452380952381,100,51
2017-10-30,2017,44,5225690,487.0,0.93193434742589,0.35,6.6,-8.3,89.14880952380952,100,54
2017-11-06,2017,45,5225690,567.0,1.085024178625215,3.4845238095238096,7.2,0.9,89.75595238095238,98,71
2017-11-13,2017,46,5225690,779.0,1.490712231303426,2.280357142857143,5.3,-0.2,89.93452380952381,99,79
2017-11-20,2017,47,5225690,375.0,0.7176085837468353,-0.16428571428571428,3.5,-4.0,88.05952380952381,100,58
2017-11-27,2017,48,5225690,708.0,1.3548450061140251,0.2982142857142857,2.0,-1.9,87.82738095238095,98,77
2017-12-04,2017,49,5225690,349.0,0.6678543886070547,-1.5744047619047619,1.5,-10.4,91.14880952380952,99,79
2017-12-11,2017,50,5225690,668.0,1.2783000905143629,-0.6196428571428572,3.8,-5.2,90.53571428571429,99,81
2017-12-18,2017,51,5225690,334.0,0.6391500452571814,-1.9744047619047618,0.9,-4.9,89.64285714285714,99,81
2017-12-25,2017,52,5225690,3151.0,6.029825726363408,0.1351190476190476,4.2,-6.4,92.81547619047619,98,84
2018-01-01,2018,1,5281579,564.0,1.0678624706740163,1.1630952380952382,4.1,-3.9,89.24404761904762,99,66
2018-01-08,2018,2,5281579,1353.0,2.561733905712667,-3.492261904761905,0.6,-6.9,88.63690476190476,100,78
2018-01-15,2018,3,5281579,2109.0,3.9931240259778376,-7.490476190476191,-3.2,-15.6,80.88690476190476,94,65
2018-01-22,2018,4,5281579,4242.0,8.031689008154569,-4.607142857142857,3.2,-19.1,89.55357142857143,99,76
2018-01-29,2018,5,5281579,6169.0,11.680219116290791,-6.472023809523809,-0.2,-16.6,85.32738095238095,98,75
2018-02-05,2018,6,5281579,7933.0,15.020129396909525,-7.0494047619047615,-3.4,-11.1,86.38095238095238,98,75
2018-02-12,2018,7,5281579,19979.0,37.82770266240456,-6.230952380952381,-0.6,-15.2,87.48809523809524,94,78
2018-02-19,2018,8,5281579,14587.0,27.618634503052967,-11.972619047619048,-5.3,-20.0,85.50595238095238,100,69
2018-02-26,2018,9,5281579,25106.0,47.53502693039336,-16.877380952380953,-7.5,-23.7,79.49404761904762,93,64
2018-03-05,2018,10,5281579,22328.0,42.275236250371336,-7.335119047619047,1.5,-16.6,81.13690476190476,94,61
2018-03-12,2018,11,5281579,30807.0,58.3291474008057,-3.9892857142857148,3.6,-13.8,80.1547619047619,98,50
2018-03-19,2018,12,5281579,35623.0,67.44763261138384,-3.0101190476190474,2.5,-15.9,84.41666666666667,97,66
2018-03-26,2018,13,5281579,25755.0,48.76382612093845,-5.789880952380953,3.7,-16.1,81.44642857142857,100,50
2018-04-02,2018,14,5281579,26133.0,49.47952118107104,3.382738095238095,15.0,-4.8,77.69047619047619,99,42
2018-04-09,2018,15,5281579,19418.0,36.7655203112554,4.795238095238095,17.7,-4.7,65.10119047619048,95,25
2018-04-16,2018,16,5281579,17094.0,32.365321052662466,6.698809523809524,15.4,-2.0,79.5952380952381,100,37
2018-04-23,2018,17,5281579,14509.0,27.47095139540656,5.280952380952381,12.4,-4.8,77.54761904761905,100,30
2018-04-30,2018,18,5281579,7510.0,14.21923254390401,8.304166666666665,15.9,1.4,82.30952380952381,100,55
2018-05-07,2018,19,5281579,4348.0,8.232386564699686,12.589880952380952,24.0,4.2,62.04761904761905,92,31
2018-05-14,2018,20,5281579,0.0,0.0,15.547023809523811,27.4,5.2,66.88095238095238,99,27
2018-05-21,2018,21,5281579,903.0,1.7097159769833985,16.17202380952381,24.6,5.5,59.38690476190476,95,27
2018-05-28,2018,22,5281579,909.0,1.721076216033122,16.198809523809523,23.0,6.3,54.24404761904762,86,25
2018-06-04,2018,23,5281579,0.0,0.0,11.593452380952382,18.1,6.0,62.416666666666664,94,37
2018-06-11,2018,24,5281579,0.0,0.0,17.20416666666667,26.0,6.5,60.05357142857143,94,28
2018-06-18,2018,25,5281579,0.0,0.0,16.53988095238095,25.9,10.1,68.58333333333333,97,37
2018-06-25,2018,26,5281579,0.0,0.0,15.600595238095238,22.5,9.4,69.78571428571429,94,46
2018-07-02,2018,27,5281579,0.0,0.0,15.769642857142859,20.4,9.9,83.94642857142857,100,55
2018-07-09,2018,28,5281579,665.0,1.2590931613443632,19.333333333333332,27.6,12.9,75.51190476190476,99,44
2018-07-16,2018,29,5281579,0.0,0.0,22.59285714285714,28.3,15.4,73.82738095238095,99,40
2018-07-23,2018,30,5281579,0.0,0.0,22.27857142857143,28.8,17.1,78.29166666666667,100,49
2018-07-30,2018,31,5281579,0.0,0.0,22.26845238095238,28.9,15.6,69.58333333333333,95,39
2018-08-06,2018,32,5281579,0.0,0.0,19.71309523809524,30.3,11.8,67.99404761904762,100,33
2018-08-13,2018,33,5281579,345.0,0.6532137453591057,17.435119047619047,24.2,12.8,75.54761904761905,97,48
2018-08-20,2018,34,5281579,0.0,0.0,16.65952380952381,24.5,11.5,74.38095238095238,99,49
2018-08-27,2018,35,5281579,0.0,0.0,15.835119047619049,21.8,10.3,83.91071428571429,98,53
2018-09-03,2018,36,5281579,0.0,0.0,16.91547619047619,24.8,11.4,88.08928571428571,100,60
2018-09-10,2018,37,5281579,0.0,0.0,13.94047619047619,20.1,9.9,77.08928571428571,99,53
2018-09-17,2018,38,5281579,0.0,0.0,14.748214285714285,22.4,9.0,78.48214285714286,96,57
2018-09-24,2018,39,5281579,0.0,0.0,7.989880952380952,12.6,2.4,74.08928571428571,95,44
2018-10-01,2018,40,5281579,0.0,0.0,7.280952380952381,12.7,1.5,86.56547619047619,100,51
2018-10-08,2018,41,5281579,0.0,0.0,9.470238095238095,17.7,-0.4,87.14285714285714,100,62
2018-10-15,2018,42,5281579,760.0,1.4389636129649863,9.66607142857143,16.4,3.9,84.85119047619048,99,61
2018-10-22,2018,43,5281579,689.0,1.3045341175432574,3.0089285714285716,11.1,-3.5,85.98214285714286,98,66
2018-10-29,2018,44,5281579,0.0,0.0,3.560714285714286,9.4,-4.2,87.79166666666667,100,46
2018-11-05,2018,45,5281579,0.0,0.0,4.100595238095238,7.0,0.9,92.94642857142857,100,75
2018-11-12,2018,46,5281579,0.0,0.0,4.269047619047619,7.2,1.1,87.10119047619048,100,65
2018-11-19,2018,47,5281579,1463.0,2.770004954957599,-0.25773809523809527,3.1,-2.8,85.43452380952381,94,64
2018-11-26,2018,48,5281579,1038.0,1.965321355602179,-4.296428571428571,-0.6,-8.4,69.54761904761905,93,36
2018-12-03,2018,49,5281579,1785.0,3.3796711172927645,-1.1702380952380953,2.1,-7.9,87.54761904761905,99,70
2018-12-10,2018,50,5281579,2644.0,5.006078674578189,-2.6392857142857142,-0.1,-6.8,87.67857142857143,97,72
2018-12-17,2018,51,5281579,6000.0,11.360239049723578,-7.580357142857143,-3.6,-12.8,84.35714285714286,93,75
2018-12-24,2018,52,5281579,18817.0,35.62760303310809,-2.5279761904761906,0.6,-6.0,93.80952380952381,98,88
2018-12-31,2019,1,5351935,5688.0,10.627931766734836,-4.470238095238095,0.7,-10.1,90.13690476190476,97,83
2019-01-07,2019,2,5351935,15234.0,28.46447126132885,-3.7892857142857146,0.6,-6.9,89.83333333333333,100,82
2019-01-14,2019,3,5351935,17581.0,32.84980105326391,-4.9,0.9,-12.1,88.28571428571429,97,78
2019-01-21,2019,4,5351935,20697.0,38.6719943347593,-13.827976190476189,-6.2,-21.0,84.28571428571429,94,79
2019-01-28,2019,5,5351935,29700.0,55.49394751617873,-5.5964285714285715,0.1,-23.7,89.01785714285714,96,78
2019-02-04,2019,6,5351935,27273.0,50.95913907773544,-1.7767857142857142,2.5,-12.2,88.0952380952381,97,77
2019-02-11,2019,7,5351935,25743.0,48.10035996326562,-0.09107142857142858,3.5,-7.6,87.125,100,63
2019-02-18,2019,8,5351935,22376.0,41.80917742835068,-3.0773809523809526,3.1,-11.0,84.73214285714286,99,66
2019-02-25,2019,9,5351935,12795.0,23.90724102590932,-2.3726190476190476,3.0,-10.4,84.78571428571429,97,71
2019-03-04,2019,10,5351935,14260.0,26.6445687400912,-3.0136904761904764,4.8,-13.2,82.79166666666667,95,61
2019-03-11,2019,11,5351935,13225.0,24.710688750891038,-1.9577380952380952,3.9,-10.9,86.04166666666667,95,72
2019-03-18,2019,12,5351935,10537.0,19.688206228214653,1.4386904761904762,5.2,-4.5,84.67261904761905,99,46
2019-03-25,2019,13,5351935,10025.0,18.73154289056201,1.4857142857142858,10.1,-5.8,80.45833333333333,98,58
2019-04-01,2019,14,5351935,5694.0,10.639142665222952,3.9488095238095235,13.4,-4.3,60.82738095238095,91,24
2019-04-08,2019,15,5351935,5852.0,10.934362992076698,2.0285714285714285,13.2,-4.8,74.4047619047619,100,39
2019-04-15,2019,16,5351935,3125.0,5.83900962922756,5.2648809523809526,12.6,-2.3,68.99404761904762,98,41
2019-04-22,2019,17,5351935,3682.0,6.87975470554108,10.436309523809523,21.1,0.2,59.13690476190476,91,28
2019-04-29,2019,18,5351935,1081.0,2.0198302109423976,5.726190476190476,16.3,-2.6,63.04761904761905,100,27
2019-05-06,2019,19,5351935,1256.0,2.3468147501791408,9.630952380952381,21.7,0.9,76.0952380952381,100,38
2019-05-13,2019,20,5351935,2682.0,5.011271624188261,12.897023809523809,23.5,3.5,63.67261904761905,99,35
2019-05-20,2019,21,5351935,1723.0,3.2193963491709074,14.455357142857142,25.6,6.5,68.2797619047619,96,34
2019-05-27,2019,22,5351935,1718.0,3.210053933764143,12.613690476190476,20.4,6.9,72.0952380952381,97,36
2019-06-03,2019,23,5351935,1726.0,3.225001798414966,21.128571428571426,30.5,10.2,62.339285714285715,95,34
2019-06-10,2019,24,5351935,641.0,1.197697655147157,15.84345238095238,20.5,8.7,67.42857142857143,97,33
2019-06-17,2019,25,5351935,0.0,0.0,19.242857142857144,28.0,13.2,66.88095238095238,93,34
2019-06-24,2019,26,5351935,0.0,0.0,16.51964285714286,21.5,10.6,63.779761904761905,95,30
2019-07-01,2019,27,5351935,0.0,0.0,15.253571428571428,26.2,8.2,72.82142857142857,99,45
2019-07-08,2019,28,5351935,0.0,0.0,13.520833333333334,19.6,8.9,76.11309523809524,100,44
2019-07-15,2019,29,5351935,0.0,0.0,16.523214285714285,22.8,7.8,80.49404761904762,99,37
2019-07-22,2019,30,5351935,0.0,0.0,19.97738095238095,28.6,11.9,72.80357142857143,96,41
2019-07-29,2019,31,5351935,0.0,0.0,12.505952380952381,17.0,8.4,71.33333333333333,96,46
2019-08-05,2019,32,5351935,0.0,0.0,14.892857142857142,20.6,5.6,74.97619047619048,100,34
2019-08-12,2019,33,5351935,0.0,0.0,16.51904761904762,23.0,8.8,76.48809523809524,99,40
2019-08-19,2019,34,5351935,0.0,0.0,16.63095238095238,24.1,9.6,79.04761904761905,98,48
2019-08-26,2019,35,5351935,0.0,0.0,17.54345238095238,24.1,10.6,77.29166666666667,100,43
2019-09-02,2019,36,5351935,0.0,0.0,15.632738095238096,23.9,7.4,76.47619047619048,98,43
2019-09-09,2019,37,5351935,0.0,0.0,14.727380952380951,25.5,7.2,78.13095238095238,98,41
2019-09-16,2019,38,5351935,1194.0,2.2309687991352662,7.2976190476190474,12.4,3.2,82.3452380952381,100,46
2019-09-23,2019,39,5351935,0.0,0.0,6.436904761904763,11.7,1.2,82.48214285714286,100,47
2019-09-30,2019,40,5351935,1682.0,3.1427885428354414,5.380357142857143,13.1,-3.2,87.48809523809524,99,52
2019-10-07,2019,41,5351935,0.0,0.0,5.741071428571429,10.9,-0.6,89.30952380952381,100,49
2019-10-14,2019,42,5351935,0.0,0.0,6.069047619047619,12.1,0.5,92.55952380952381,100,66
2019-10-21,2019,43,5351935,1767.0,3.3016096047504315,8.383333333333335,12.3,1.7,86.04166666666667,100,66
2019-10-28,2019,44,5351935,0.0,0.0,0.09107142857142858,3.2,-3.9,86.88095238095238,99,64
2019-11-04,2019,45,5351935,0.0,0.0,0.21964285714285714,8.6,-7.2,85.63690476190476,100,53
2019-11-11,2019,46,5351935,2265.0,4.232114179264135,4.701785714285714,10.1,0.9,91.44642857142857,98,77
2019-11-18,2019,47,5351935,8337.0,15.577543449238451,0.45000000000000007,6.8,-8.1,78.48214285714286,100,40
2019-11-25,2019,48,5351935,7561.0,14.127600578108664,-1.532142857142857,3.0,-6.8,82.67857142857143,98,51
2019-12-02,2019,49,5351935,13487.0,25.20023131820547,1.2607142857142857,5.4,-4.0,91.48809523809524,99,75
2019-12-09,2019,50,5351935,17560.0,32.810562908555504,0.5636904761904762,5.3,-4.9,86.36904761904762,99,67
2019-12-16,2019,51,5351935,11045.0,20.637395633541885,1.7910714285714284,6.0,-0.1,93.82738095238095,100,83
2019-12-23,2019,52,5351935,7367.0,13.76511486032622,0.5708333333333333,3.7,-7.4,90.05952380952381,100,66
2019-12-30,2020,1,5383890,10339.0,19.20358699750552,1.1333333333333333,4.4,-6.9,86.82738095238095,98,66
2020-01-06,2020,2,5383890,11058.0,20.539052618088405,0.9101190476190476,4.9,-6.5,90.43452380952381,98,57
2020-01-13,2020,3,5383890,14626.0,27.166231107990694,3.0339285714285715,7.8,-0.6,87.60714285714286,100,71
2020-01-20,2020,4,5383890,12114.0,22.500459704785943,0.9255952380952381,5.6,-3.4,80.2202380952381,98,52
2020-01-27,2020,5,5383890,16447.0,30.548543896699226,-1.5744047619047619,3.5,-5.1,86.23809523809524,99,66
2020-02-03,2020,6,5383890,20692.0,38.43317749805438,-3.0214285714285714,2.2,-8.4,81.36309523809524,99,50
2020-02-10,2020,7,5383890,24125.0,44.8096079228959,1.1357142857142857,4.0,-1.4,87.70833333333333,98,67
2020-02-17,2020,8,5383890,20010.0,37.16643542122888,3.0577380952380957,6.8,-0.5,84.00595238095238,98,55
2020-02-24,2020,9,5383890,18473.0,34.311622265685216,-1.7785714285714287,2.3,-5.7,78.29761904761905,96,57
2020-03-02,2020,10,5383890,18635.0,34.61251994375814,1.7386904761904762,5.8,-2.8,89.94047619047619,99,62
2020-03-09,2020,11,5383890,13054.0,24.24640919483868,1.4982142857142857,7.9,-6.4,74.71428571428571,100,28
2020-03-16,2020,12,5383890,12498.0,23.213698645403237,0.35595238095238096,5.8,-6.1,74.1547619047619,100,26
2020-03-23,2020,13,5383890,7126.0,13.235783049059323,2.5470238095238096,11.6,-6.8,56.464285714285715,93,22
2020-03-30,2020,14,5383890,4077.0,7.572591564835092,0.6898809523809524,6.1,-6.9,65.54761904761905,93,22
2020-04-06,2020,15,5383890,871.0,1.6177893679105628,3.7666666666666666,16.6,-4.0,73.88690476190476,99,27
2020-04-13,2020,16,5383890,206.0,0.3826229733519816,2.8279761904761904,8.6,-1.9,77.69047619047619,97,39
2020-04-20,2020,17,5383890,0.0,0.0,4.6875,11.9,-2.2,67.35714285714286,96,34
2020-04-27,2020,18,5383890,0.0,0.0,4.652976190476191,16.1,-2.2,70.19642857142857,100,36
2020-05-04,2020,19,5383890,0.0,0.0,8.929166666666665,16.6,1.5,66.41666666666667,100,19
2020-05-11,2020,20,5383890,0.0,0.0,6.6726190476190474,20.0,1.6,70.36309523809524,98,30
2020-05-18,2020,21,5383890,0.0,0.0,7.076785714285715,17.2,1.5,71.69047619047619,100,33
2020-05-25,2020,22,5383890,0.0,0.0,13.217261904761905,20.8,5.1,60.67857142857143,94,30
2020-06-01,2020,23,5383890,0.0,0.0,13.344642857142858,22.9,4.9,69.7202380952381,98,35
2020-06-08,2020,24,5383890,0.0,0.0,18.676190476190477,27.5,11.2,68.78571428571429,100,31
2020-06-15,2020,25,5383890,0.0,0.0,21.001190476190477,30.4,12.1,66.72619047619048,98,40
2020-06-22,2020,26,5383890,0.0,0.0,21.086904761904762,26.6,11.9,58.726190476190474,91,35
2020-06-29,2020,27,5383890,0.0,0.0,17.523214285714285,25.9,11.2,69.99404761904762,95,32
2020-07-06,2020,28,5383890,0.0,0.0,16.34285714285714,21.4,10.9,73.76190476190476,98,44
2020-07-13,2020,29,5383890,0.0,0.0,17.235119047619047,24.5,11.1,71.14285714285714,100,34
2020-07-20,2020,30,5383890,0.0,0.0,17.22797619047619,24.5,9.9,74.66071428571429,100,42
2020-07-27,2020,31,5383890,0.0,0.0,16.773214285714285,25.0,9.9,78.26785714285714,100,36
2020-08-03,2020,32,5383890,0.0,0.0,18.121428571428574,23.4,13.1,83.77380952380952,99,56
2020-08-10,2020,33,5383890,0.0,0.0,15.876190476190475,21.8,8.4,75.80952380952381,99,44
2020-08-17,2020,34,5383890,0.0,0.0,16.552380952380954,23.9,8.4,71.73214285714286,97,43
2020-08-24,2020,35,5383890,0.0,0.0,14.595833333333333,20.5,10.4,86.75,99,52
2020-08-31,2020,36,5383890,0.0,0.0,14.949404761904763,22.6,6.5,81.85714285714286,98,57
2020-09-07,2020,37,5383890,0.0,0.0,12.970833333333333,17.6,9.2,79.82738095238095,98,55
2020-09-14,2020,38,5383890,0.0,0.0,11.523214285714285,16.3,6.2,80.25595238095238,100,54
2020-09-21,2020,39,5383890,0.0,0.0,14.732142857142858,21.8,8.5,77.14285714285714,98,55
2020-09-28,2020,40,5383890,0.0,0.0,12.000595238095238,17.5,6.8,78.58928571428571,98,53
2020-10-05,2020,41,5383890,0.0,0.0,12.328571428571427,17.9,6.3,88.02380952380952,99,55
2020-10-12,2020,42,5383890,0.0,0.0,6.064285714285714,11.4,0.1,86.25595238095238,100,57
2020-10-19,2020,43,5383890,0.0,0.0,4.291071428571429,11.5,-0.6,89.25595238095238,99,65
2020-10-26,2020,44,5383890,0.0,0.0,7.654761904761905,11.4,1.2,92.26190476190476,100,73
2020-11-02,2020,45,5383890,0.0,0.0,6.555952380952381,10.2,-0.8,83.52380952380952,98,65
2020-11-09,2020,46,5383890,0.0,0.0,1.6470238095238094,6.8,-2.8,90.05952380952381,100,72
2020-11-16,2020,47,5383890,818.0,1.5193475349607812,3.132738095238095,9.4,-0.4,83.72619047619048,98,67
2020-11-23,2020,48,5383890,1041.0,1.9335461905796736,1.549404761904762,5.7,-2.0,91.1547619047619,99,77
2020-11-30,2020,49,5383890,152.0,0.2823237473276757,0.09583333333333334,2.5,-2.8,83.55952380952381,91,60
2020-12-07,2020,50,5383890,0.0,0.0,-3.8339285714285714,0.4,-7.0,72.26190476190476,97,49
2020-12-14,2020,51,5383890,0.0,0.0,-0.7928571428571428,2.5,-7.8,93.33333333333333,99,85
2020-12-21,2020,52,5383890,0.0,0.0,-1.6071428571428572,2.3,-7.4,90.0952380952381,98,76
2020-12-28,2020,53,5383890,0.0,0.0,-0.6059523809523809,1.8,-3.8,91.72619047619048,99,78
2021-01-04,2021,1,5398064,150.0,0.2778774019722627,-7.564880952380953,-1.8,-22.3,91.0,100,79
2021-01-11,2021,2,5398064,0.0,0.0,-14.630357142857143,-7.0,-23.4,82.61904761904762,92,75
2021-01-18,2021,3,5398064,0.0,0.0,-4.714880952380953,2.2,-10.7,90.14880952380952,97,82
2021-01-25,2021,4,5398064,0.0,0.0,-0.5773809523809523,2.9,-4.9,92.83333333333333,99,82
2021-02-01,2021,5,5398064,0.0,0.0,-9.322619047619048,-2.6,-17.9,85.01785714285714,93,73
2021-02-08,2021,6,5398064,93.0,0.1722839892228028,-15.535714285714286,-7.9,-23.8,85.46428571428571,100,74
2021-02-15,2021,7,5398064,90.0,0.1667264411833575,-12.389285714285714,-2.1,-27.1,81.43452380952381,93,70
2021-02-22,2021,8,5398064,246.0,0.4557189392345107,-3.9505952380952385,4.4,-19.4,87.25,98,63
2021-03-01,2021,9,5398064,277.0,0.5131469356421117,-2.7071428571428573,3.3,-10.2,84.29761904761905,96,50
2021-03-08,2021,10,5398064,179.0,0.3316003663535667,-8.335119047619047,2.9,-25.3,79.95238095238095,98,56
2021-03-15,2021,11,5398064,0.0,0.0,-2.0279761904761906,2.5,-10.4,83.66666666666667,100,44
2021-03-22,2021,12,5398064,0.0,0.0,1.9892857142857143,13.0,-13.9,78.96428571428571,98,46
2021-03-29,2021,13,5398064,0.0,0.0,2.7988095238095236,9.9,-2.6,84.08333333333333,100,50
2021-04-05,2021,14,5398064,0.0,0.0,2.7029761904761904,10.1,-3.9,72.86904761904762,97,34
2021-04-12,2021,15,5398064,0.0,0.0,6.612500000000001,18.3,-0.9,58.42261904761905,89,36
2021-04-19,2021,16,5398064,0.0,0.0,5.274404761904762,14.1,-0.1,73.42857142857143,100,31
2021-04-26,2021,17,5398064,0.0,0.0,3.6589285714285715,10.2,-2.2,74.63690476190476,98,38
2021-05-03,2021,18,5398064,0.0,0.0,4.303571428571429,9.6,1.0,85.53571428571429,100,44
2021-05-10,2021,19,5398064,0.0,0.0,15.207142857142859,25.3,5.3,65.66071428571429,97,34
2021-05-17,2021,20,5398064,0.0,0.0,15.358333333333333,28.7,7.7,75.63095238095238,98,34
2021-05-24,2021,21,5398064,0.0,0.0,11.1,18.4,5.6,73.07738095238095,99,40
2021-05-31,2021,22,5398064,0.0,0.0,15.863690476190476,25.0,2.5,63.81547619047619,95,30
2021-06-07,2021,23,5398064,0.0,0.0,18.610119047619047,25.1,11.2,62.404761904761905,95,26
2021-06-14,2021,24,5398064,0.0,0.0,20.248809523809523,30.6,12.8,57.32738095238095,96,31
2021-06-21,2021,25,5398064,0.0,0.0,24.93690476190476,35.0,18.5,68.43452380952381,98,26
2021-06-28,2021,26,5398064,0.0,0.0,20.485714285714284,27.0,12.1,65.04761904761905,95,31
2021-07-05,2021,27,5398064,0.0,0.0,25.43988095238095,33.0,15.9,55.61309523809524,97,24
2021-07-12,2021,28,5398064,0.0,0.0,25.086309523809526,32.8,15.5,58.732142857142854,92,27
2021-07-19,2021,29,5398064,0.0,0.0,17.72083333333333,22.6,9.9,62.720238095238095,97,34
2021-07-26,2021,30,5398064,0.0,0.0,20.52261904761905,29.5,14.2,70.23214285714286,98,30
2021-08-02,2021,31,5398064,0.0,0.0,16.385714285714286,23.5,9.4,80.08333333333333,100,45
2021-08-09,2021,32,5398064,0.0,0.0,18.04404761904762,22.6,12.2,79.85119047619048,99,51
2021-08-16,2021,33,5398064,0.0,0.0,16.195238095238096,24.6,9.9,78.76785714285714,98,48
2021-08-23,2021,34,5398064,0.0,0.0,13.582142857142859,20.4,7.2,81.48809523809524,99,63
2021-08-30,2021,35,5398064,0.0,0.0,11.117857142857142,18.2,4.8,78.30357142857143,99,48
2021-09-06,2021,36,5398064,122.0,0.2260069536041069,13.301785714285714,18.5,6.9,86.49404761904762,100,59
2021-09-13,2021,37,5398064,153.0,0.2834349500117079,8.494642857142857,16.8,3.0,74.77380952380952,99,51
2021-09-20,2021,38,5398064,170.0,0.3149277222352309,7.410714285714286,11.4,4.3,78.86904761904762,98,59
2021-09-27,2021,39,5398064,154.0,0.2852874660248563,8.463690476190477,13.9,4.2,80.57142857142857,98,57
2021-10-04,2021,40,5398064,269.0,0.4983268075369244,9.599404761904761,14.1,5.0,74.29761904761905,97,51
2021-10-11,2021,41,5398064,442.0,0.8188120778116006,6.160714285714286,11.4,2.0,79.45238095238095,98,53
2021-10-18,2021,42,5398064,295.0,0.5464922238787832,4.505357142857143,12.6,-1.9,81.83333333333333,98,53
2021-10-25,2021,43,5398064,1447.0,2.68059067102576,7.010714285714285,12.2,0.9,89.08928571428571,99,71
2021-11-01,2021,44,5398064,3943.0,7.304470639844212,5.486309523809524,9.9,2.3,93.16666666666667,98,81
2021-11-08,2021,45,5398064,282.0,0.5224095157078538,2.486904761904762,7.6,-3.5,88.53571428571429,100,58
2021-11-15,2021,46,5398064,3107.0,5.7557672528521335,1.4452380952380952,3.8,-2.8,89.0,100,70
2021-11-22,2021,47,5398064,11548.0,21.392854919837927,-1.3886904761904764,4.4,-5.9,85.32738095238095,98,62
2021-11-29,2021,48,5398064,14143.0,26.200133973958074,-8.4375,-1.5,-21.1,84.73214285714286,95,73
2021-12-06,2021,49,5398064,14610.0,27.065258952098382,-11.773809523809524,-2.9,-24.0,84.30952380952381,95,73
2021-12-13,2021,50,5398064,6490.0,12.022828925333233,-0.45178571428571435,2.8,-5.6,93.92261904761905,100,85
2021-12-20,2021,51,5398064,6812.0,12.619339081567022,-11.069047619047618,-1.8,-20.1,84.93452380952381,93,78
2021-12-27,2021,52,5398064,2993.0,5.544580427353214,-7.002976190476191,0.6,-12.4,87.38095238095238,94,78
2022-01-03,2022,1,5384342,926.0,1.719801602498504,-6.057738095238095,1.4,-14.4,88.66071428571429,98,74
2022-01-10,2022,2,5384342,1241.0,2.3048313052922715,-5.8625,3.1,-16.3,85.89880952380952,93,78
2022-01-17,2022,3,5384342,0.0,0.0,-3.2910714285714286,2.0,-9.7,87.60714285714286,96,70
2022-01-24,2022,4,5384342,1624.0,3.016153134403424,-3.888690476190476,0.5,-11.1,89.8452380952381,96,80
2022-01-31,2022,5,5384342,0.0,0.0,-6.798809523809524,0.8,-15.9,88.54166666666667,93,81
2022-02-07,2022,6,5384342,0.0,0.0,-0.8827380952380953,1.0,-5.4,90.27380952380952,99,79
2022-02-14,2022,7,5384342,0.0,0.0,0.7529761904761905,2.5,-3.8,87.45238095238095,98,78
2022-02-21,2022,8,5384342,0.0,0.0,-2.3267857142857142,2.2,-12.4,86.67261904761905,99,66
2022-02-28,2022,9,5384342,326.0,0.6054593114627563,-2.8910714285714283,2.2,-12.2,85.31547619047619,97,68
2022-03-07,2022,10,5384342,265.0,0.4921678452074552,-6.553571428571429,1.0,-18.5,81.61904761904762,97,45
2022-03-14,2022,11,5384342,277.0,0.5144546910281702,-1.2,5.0,-7.8,84.28571428571429,98,54
2022-03-21,2022,12,5384342,247.0,0.4587375764763828,0.1017857142857143,7.2,-6.3,79.32142857142857,96,45
2022-03-28,2022,13,5384342,486.0,0.9026172557389556,-3.167261904761905,3.7,-8.5,75.30357142857143,97,45
2022-04-04,2022,14,5384342,274.0,0.5088829795729914,2.030357142857143,12.1,-4.5,76.14880952380952,99,35
2022-04-11,2022,15,5384342,279.0,0.5181691653316227,2.356547619047619,9.1,-4.0,75.29761904761905,95,38
2022-04-18,2022,16,5384342,67.0,0.1244348891656585,5.969047619047619,15.6,-1.3,68.56547619047619,91,33
2022-04-25,2022,17,5384342,271.0,0.5033112681178127,3.3476190476190473,9.7,-3.1,74.25595238095238,100,38
2022-05-02,2022,18,5384342,490.0,0.9100462043458608,7.324999999999999,18.3,0.2,61.67261904761905,98,33
2022-05-09,2022,19,5384342,1056.0,1.961242432222916,9.033928571428572,15.6,2.1,70.7797619047619,97,39
2022-05-16,2022,20,5384342,640.0,1.1886317771047976,8.01607142857143,13.1,2.5,66.33333333333333,95,37
2022-05-23,2022,21,5384342,681.0,1.2647785003255736,10.119047619047619,16.5,2.1,72.48214285714286,100,24
2022-05-30,2022,22,5384342,424.0,0.7874685523319284,14.648214285714285,21.0,8.4,69.85119047619048,97,35
2022-06-06,2022,23,5384342,244.0,0.4531658650212041,16.379166666666666,23.4,6.8,68.82738095238095,98,34
2022-06-13,2022,24,5384342,126.0,0.234011881117507,14.669642857142858,19.7,8.8,77.82738095238095,99,49
2022-06-20,2022,25,5384342,140.0,0.2600132012416745,17.80654761904762,27.4,9.1,70.73809523809524,94,43
2022-06-27,2022,26,5384342,27.0,0.0501454030966086,23.148809523809526,30.5,13.9,56.92261904761905,90,31
2022-07-04,2022,27,5384342,30.0,0.0557171145517873,19.060119047619047,26.8,13.7,73.42857142857143,100,41
2022-07-11,2022,28,5384342,30.0,0.0557171145517873,17.686309523809523,27.7,11.0,76.58333333333333,100,43
2022-07-18,2022,29,5384342,0.0,0.0,19.17797619047619,28.5,10.8,75.08333333333333,98,43
2022-07-25,2022,30,5384342,0.0,0.0,18.120238095238093,26.6,12.5,75.19047619047619,97,40
2022-08-01,2022,31,5384342,0.0,0.0,19.051785714285714,27.2,12.4,77.10119047619048,98,43
2022-08-08,2022,32,5384342,0.0,0.0,17.925,25.1,11.1,77.06547619047619,99,48
2022-08-15,2022,33,5384342,0.0,0.0,22.261904761904763,29.3,13.7,67.04761904761905,97,39
2022-08-22,2022,34,5384342,382.0,0.709464591959426,20.41845238095238,29.6,13.3,78.5297619047619,100,43
2022-08-29,2022,35,5384342,0.0,0.0,11.389285714285714,24.6,6.1,83.60119047619048,95,57
2022-09-05,2022,36,5384342,0.0,0.0,9.314880952380953,16.1,3.2,76.91666666666667,97,45
2022-09-12,2022,37,5384342,0.0,0.0,10.833333333333334,16.0,4.2,84.30357142857143,98,55
2022-09-19,2022,38,5384342,0.0,0.0,9.341666666666667,13.8,5.7,86.28571428571429,99,59
2022-09-26,2022,39,5384342,0.0,0.0,7.6101190476190474,12.3,2.5,89.68452380952381,100,61
2022-10-03,2022,40,5384342,0.0,0.0,9.406547619047618,13.6,4.8,85.86904761904762,100,62
2022-10-10,2022,41,5384342,416.0,0.7726106551181184,8.27797619047619,12.9,4.3,85.83333333333333,97,56
2022-10-17,2022,42,5384342,0.0,0.0,6.323809523809524,11.6,2.3,88.5297619047619,99,69
2022-10-24,2022,43,5384342,0.0,0.0,5.697619047619048,11.8,-3.9,88.56547619047619,100,47
2022-10-31,2022,44,5384342,224.0,0.4160211219866792,1.594642857142857,8.4,-4.8,85.21428571428571,99,58
2022-11-07,2022,45,5384342,594.0,1.10319886812539,7.345238095238095,11.6,1.5,89.71428571428571,99,64
2022-11-14,2022,46,5384342,1039.0,1.92966940064357,-1.3101190476190476,4.0,-6.2,82.79761904761905,100,64
2022-11-21,2022,47,5384342,4420.0,8.208988210630007,-5.6398809523809526,-2.8,-9.4,77.54761904761905,86,66
2022-11-28,2022,48,5384342,12664.0,23.52005128946118,-4.710714285714285,-2.4,-10.2,79.58928571428571,90,63
2022-12-05,2022,49,5384342,16250.0,30.180103715551503,-4.913095238095238,-1.0,-8.4,88.86309523809524,96,83
2022-12-12,2022,50,5384342,14806.0,27.498253268458804,-7.768452380952381,-1.8,-13.6,87.16666666666667,94,78
2022-12-19,2022,51,5384342,15916.0,29.559786506874936,-1.6785714285714286,2.4,-11.6,90.94642857142857,98,84
2022-12-26,2022,52,5384342,3834.0,7.120647239718427,-1.7482142857142857,3.6,-8.8,91.91666666666667,96,83
2023-01-02,2023,1,5384342,1772.0,3.2910242328589083,-9.52142857142857,-1.0,-20.4,87.4047619047619,97,75
2023-01-09,2023,2,5384342,3946.0,7.328657800711768,-2.6226190476190476,3.2,-13.7,87.68452380952381,96,77
2023-01-16,2023,3,5377503,4240.0,7.884700389753386,-0.4357142857142857,3.6,-9.5,91.4702380952381,99,78
2023-01-23,2023,4,5377503,4809.0,8.942812305265102,-2.3857142857142857,2.2,-7.7,90.4702380952381,100,78
2023-01-30,2023,5,5377503,5723.0,10.642485927018544,-2.2958333333333334,1.8,-8.6,90.4702380952381,97,83
2023-02-06,2023,6,5377503,5183.0,9.638302386814104,-2.507142857142857,1.1,-8.7,88.94047619047619,97,78
2023-02-13,2023,7,5377503,3721.0,6.919568431668007,-2.1779761904761905,1.9,-6.2,86.95238095238095,96,78
2023-02-20,2023,8,5377503,2028.0,3.7712670732122326,-8.655952380952382,-2.3,-21.4,86.13690476190476,94,76
2023-02-27,2023,9,5377503,4018.0,7.4718693787804495,-3.419047619047619,1.2,-10.8,87.18452380952381,96,64
2023-03-06,2023,10,5377503,2738.0,5.0915824686662186,-7.270238095238096,-0.8,-19.5,83.60714285714286,97,59
2023-03-13,2023,11,5377503,2656.0,4.939095338487026,-0.1797619047619048,6.6,-9.5,75.42261904761905,98,34
2023-03-20,2023,12,5377503,1822.0,3.388189648615724,3.2202380952380953,9.9,-2.9,88.14880952380952,100,59
2023-03-27,2023,13,5377503,1548.0,2.878659481919396,-1.630952380952381,2.7,-8.6,85.73214285714286,96,66
2023-04-03,2023,14,5377503,1090.0,2.0269630718941487,1.125595238095238,11.8,-5.2,78.95238095238095,94,32
2023-04-10,2023,15,5377503,1312.0,2.439794082867085,5.345833333333333,15.2,-1.8,55.857142857142854,89,30
2023-04-17,2023,16,5377503,306.0,0.569037339449183,6.670833333333333,15.1,-2.2,64.64285714285714,95,25
2023-04-24,2023,17,5377503,791.0,1.470942926484653,9.18452380952381,21.5,1.1,68.875,96,24
2023-05-01,2023,18,5377503,243.0,0.4518825930919982,5.088690476190476,16.6,-1.9,64.88690476190476,95,31
2023-05-08,2023,19,5377503,336.0,0.6248253139049853,11.265476190476189,20.9,2.2,53.61309523809524,91,29
2023-05-15,2023,20,5377503,627.0,1.1659686661262672,14.127380952380953,22.8,6.1,60.45238095238095,94,27
2023-05-22,2023,21,5377503,186.0,0.3458854416259739,14.369642857142857,23.4,5.2,65.44047619047619,100,28
2023-05-29,2023,22,5377503,139.0,0.2584842816452171,10.486309523809524,18.9,2.1,65.35119047619048,94,31
2023-06-05,2023,23,5377503,78.0,0.1450487335850858,12.635119047619046,19.4,4.2,61.851190476190474,94,24
2023-06-12,2023,24,5377503,0.0,0.0,19.482738095238094,29.2,7.2,48.720238095238095,94,22
2023-06-19,2023,25,5377503,29.0,0.0539283753072755,19.69047619047619,29.2,10.8,63.43452380952381,97,19
2023-06-26,2023,26,5377503,0.0,0.0,19.752380952380953,26.2,12.8,72.9702380952381,100,34
2023-07-03,2023,27,5377503,0.0,0.0,16.87202380952381,25.4,11.8,72.11904761904762,98,38
2023-07-10,2023,28,5377503,0.0,0.0,17.17142857142857,27.0,10.1,68.07142857142857,95,31
2023-07-17,2023,29,5377503,0.0,0.0,17.59464285714286,22.7,13.1,71.875,95,52
2023-07-24,2023,30,5377503,22.0,0.0409111812675883,17.367857142857144,23.5,12.4,75.32738095238095,100,38
2023-07-31,2023,31,5377503,0.0,0.0,20.351190476190474,26.8,13.6,76.86904761904762,100,38
2023-08-07,2023,32,5377503,44.0,0.0818223625351766,21.15833333333333,30.8,13.2,67.57738095238095,97,34
2023-08-14,2023,33,5377503,50.0,0.0929799574263371,18.873809523809523,28.8,12.2,75.64880952380952,99,48
2023-08-21,2023,34,5377503,0.0,0.0,15.833333333333334,22.1,8.6,76.95833333333333,100,42
2023-08-28,2023,35,5377503,31.0,0.057647573604329,17.702380952380953,26.0,9.9,77.45238095238095,99,47
2023-09-04,2023,36,5377503,133.0,0.2473266867540566,14.851190476190476,22.5,7.8,77.04761904761905,100,48
2023-09-11,2023,37,5377503,73.0,0.1357507378424521,15.299404761904762,23.9,6.8,79.26785714285714,100,51
2023-09-18,2023,38,5377503,0.0,0.0,15.711309523809524,22.6,6.7,78.47619047619048,98,56
2023-09-25,2023,39,5377503,0.0,0.0,14.264285714285714,21.0,9.2,82.88690476190476,100,53
2023-10-02,2023,40,5377503,0.0,0.0,8.65,15.9,1.9,86.56547619047619,100,49
2023-10-09,2023,41,5377503,66.0,0.1227335438027649,7.044047619047619,15.3,-0.6,80.85714285714286,97,61
2023-10-16,2023,42,5377503,0.0,0.0,2.0148809523809526,7.2,-2.7,82.98214285714286,97,62
2023-10-23,2023,43,5377503,116.0,0.215713501229102,-0.1113095238095238,4.4,-3.7,79.93452380952381,97,53
2023-10-30,2023,44,5377503,124.0,0.230590294417316,2.6363095238095235,9.6,-4.3,90.0952380952381,100,71
2023-11-06,2023,45,5377503,54.0,0.100418354020444,5.1125,7.7,2.3,97.01190476190476,100,87
2023-11-13,2023,46,5377503,583.0,1.0841463035910903,-2.1964285714285716,2.6,-7.6,86.94642857142857,100,65
2023-11-20,2023,47,5377503,2127.0,3.95536738891638,-6.044642857142857,-0.9,-12.7,85.98214285714286,97,68
2023-11-27,2023,48,5377503,6960.0,12.942810073746124,-6.163690476190476,-0.3,-13.5,89.43452380952381,95,80
2023-12-04,2023,49,5377503,12092.0,22.486272903985363,-11.324404761904763,-6.2,-15.2,85.7797619047619,97,80
2023-12-11,2023,50,5377503,20036.0,37.2589285398818,-4.069642857142857,2.7,-11.1,88.81547619047619,94,76
2023-12-18,2023,51,5377503,24171.0,44.94837101903988,-0.29583333333333334,3.9,-6.2,92.29761904761905,99,80
2023-12-25,2023,52,5377503,21330.0,39.66524983807541,-5.036309523809524,-1.2,-10.4,91.19047619047619,98,83
2024-01-01,2024,1,5377503,1853.0,3.4458372222200526,-21.941071428571426,-9.1,-29.1,77.44642857142857,88,71
2024-01-08,2024,2,5600044,8013.0,14.308816145016005,-8.313095238095238,2.2,-16.7,86.2797619047619,96,70
2024-01-15,2024,3,5600044,6004.0,10.721344332294532,-10.675595238095237,-4.0,-17.4,82.98809523809524,90,67
2024-01-22,2024,4,5600044,2801.0,5.001746414849598,-1.1982142857142857,2.7,-5.3,90.11904761904762,96,80
2024-01-29,2024,5,5600044,2098.0,3.746399135435365,-1.0410714285714286,3.0,-7.5,88.32738095238095,100,71
2024-02-05,2024,6,5600044,1328.0,2.3714099389219085,-12.883928571428571,-2.5,-25.8,83.99404761904762,96,74
2024-02-12,2024,7,5600044,1075.0,1.9196277743532013,-7.031547619047619,4.1,-16.4,84.45833333333333,93,75
2024-02-19,2024,8,5600044,951.0,1.6982009427068787,-1.7678571428571428,4.7,-15.7,87.79166666666667,96,74
2024-02-26,2024,9,5600044,244.0,0.4357108622717964,1.1755952380952381,5.8,-2.5,89.44642857142857,99,60
2024-03-04,2024,10,5600044,195.0,0.3482115497663947,-2.1714285714285717,4.4,-6.2,78.93452380952381,95,53
2024-03-11,2024,11,5600044,0.0,0.0,2.4613095238095237,8.8,-5.2,79.26190476190476,99,40
2024-03-18,2024,12,5600044,187.0,0.3339259477246964,1.65,6.2,-4.9,82.82142857142857,100,53
2024-03-25,2024,13,5600044,0.0,0.0,4.736309523809524,14.4,-1.4,80.39880952380952,100,45
2024-04-01,2024,14,5600044,1722.0,3.074975839475547,2.376190476190476,20.0,-5.8,78.73214285714286,98,32
2024-04-08,2024,15,5600044,0.0,0.0,8.908333333333333,21.9,-0.6,78.74404761904762,100,47
2024-04-15,2024,16,5600044,1068.0,1.907127872566716,1.0035714285714286,8.4,-5.8,79.35119047619048,100,55
2024-04-22,2024,17,5600044,920.0,1.6428442347952978,5.832738095238095,15.4,-0.4,78.21428571428571,100,44
2024-04-29,2024,18,5600044,806.0,1.4392744057010982,8.019047619047619,20.9,0.3,71.71428571428571,99,36
2024-05-06,2024,19,5600044,3214.0,5.73924062025227,4.010119047619048,12.5,-1.7,65.11904761904762,93,35
2024-05-13,2024,20,5600044,1978.0,3.5321151048098907,12.798809523809522,24.2,2.2,64.94642857142857,96,36
2024-05-20,2024,21,5600044,137.0,0.2446409349640824,15.897023809523809,25.3,4.9,58.226190476190474,98,32
2024-05-27,2024,22,5600044,309.0,0.5517813788605946,20.40297619047619,26.6,11.0,73.18452380952381,98,39
2024-06-03,2024,23,5600044,0.0,0.0,17.20654761904762,25.0,9.6,74.39285714285714,98,43
2024-06-10,2024,24,5600044,0.0,0.0,15.267261904761906,22.4,9.2,71.41666666666667,100,42
2024-06-17,2024,25,5600044,0.0,0.0,16.771428571428572,26.2,11.1,74.80952380952381,100,44
2024-06-24,2024,26,5600044,0.0,0.0,19.749404761904763,28.7,11.9,68.79166666666667,99,40
2024-07-01,2024,27,5600044,97.0,0.1732129247555912,18.791666666666668,31.9,12.8,75.55357142857143,99,35
2024-07-08,2024,28,5600044,138.0,0.2464266352192947,19.129166666666666,25.5,13.8,78.83928571428571,99,48
2024-07-15,2024,29,5600044,0.0,0.0,19.285119047619048,26.1,14.4,81.0952380952381,99,50
2024-07-22,2024,30,5600044,130.0,0.2321410331775964,21.25,28.0,14.1,73.42261904761905,100,39
2024-07-29,2024,31,5600044,0.0,0.0,17.79642857142857,23.8,12.9,83.85119047619048,100,55
2024-08-05,2024,32,5600044,0.0,0.0,17.23154761904762,23.5,11.6,82.16666666666667,100,50
2024-08-12,2024,33,5600044,0.0,0.0,18.020833333333332,25.4,11.4,82.18452380952381,100,48
2024-08-19,2024,34,5600044,0.0,0.0,17.04047619047619,23.0,10.6,81.8452380952381,100,49
2024-08-26,2024,35,5600044,0.0,0.0,17.639285714285716,26.2,11.7,79.39285714285714,99,52
2024-09-02,2024,36,5600044,0.0,0.0,17.933333333333334,26.1,9.4,77.63095238095238,99,45
2024-09-09,2024,37,5600044,0.0,0.0,18.848214285714285,25.0,11.9,70.53571428571429,97,47
2024-09-16,2024,38,5600044,0.0,0.0,14.516666666666667,24.7,4.8,82.01190476190476,100,50
2024-09-23,2024,39,5600044,0.0,0.0,13.160714285714286,21.8,5.5,80.49404761904762,98,51
2024-09-30,2024,40,5600044,0.0,0.0,7.523214285714286,12.5,0.3,86.07142857142857,100,50
2024-10-07,2024,41,5600044,0.0,0.0,7.694642857142857,14.3,1.5,86.79761904761905,99,67
2024-10-14,2024,42,5600044,334.0,0.5964238852409017,7.1398809523809526,11.9,1.8,77.69642857142857,100,55
2024-10-21,2024,43,5600044,0.0,0.0,8.702976190476189,12.7,3.5,83.53571428571429,100,56
2024-10-28,2024,44,5600044,298.0,0.5321386760532596,3.4761904761904763,9.9,-3.0,85.13690476190476,100,49
2024-11-04,2024,45,5600044,0.0,0.0,2.4732142857142856,7.8,-3.0,94.20238095238095,100,73
2024-11-11,2024,46,5600044,0.0,0.0,3.143452380952381,8.9,-4.2,90.30952380952381,100,63
2024-11-18,2024,47,5600044,1759.0,3.1410467489184013,0.9785714285714286,5.1,-1.8,83.61309523809524,98,69
2024-11-25,2024,48,5600044,0.0,0.0,3.5273809523809527,6.3,-1.9,90.63690476190476,99,75
2024-12-02,2024,49,5600044,349.0,0.6232093890690859,-1.380952380952381,6.2,-6.2,83.95833333333333,98,62
2024-12-09,2024,50,5600044,0.0,0.0,-2.2839285714285715,2.3,-6.8,84.39285714285714,95,58
2024-12-16,2024,51,5600044,332.0,0.5928524847304771,-4.241666666666667,4.4,-16.4,87.97619047619048,99,76
2024-12-23,2024,52,5600044,1090.0,1.9464132781813857,1.500595238095238,5.3,-1.3,95.1547619047619,100,90
2024-12-30,2025,1,5600044,1180.0,2.107126301150491,-3.3357142857142854,5.2,-14.1,83.85119047619048,95,57
2025-01-06,2025,2,5600044,2418.0,4.317823217103294,-2.6148809523809526,1.0,-15.1,92.19642857142857,98,85
2025-01-13,2025,3,5597763,2096.0,3.744352878105057,-0.28154761904761905,3.2,-12.6,88.91071428571429,99,70
2025-01-20,2025,4,5597763,5237.0,9.355522911563066,-1.7214285714285713,2.7,-10.6,87.94047619047619,97,67
2025-01-27,2025,5,5597763,4663.0,8.330113297043837,1.5446428571428572,5.4,-3.0,95.05952380952381,100,85
2025-02-03,2025,6,5597763,4877.0,8.712408867613723,-7.065476190476191,-0.2,-14.5,86.11904761904762,95,72
2025-02-10,2025,7,5597763,10586.0,18.91112574791037,-6.225595238095239,-2.5,-11.0,88.43452380952381,96,74
2025-02-17,2025,8,5597763,14354.0,25.64238607458015,-6.081547619047619,0.3,-15.8,85.21428571428571,97,71
2025-02-24,2025,9,5597763,10248.0,18.30731311775793,-1.263095238095238,1.5,-7.0,86.80357142857143,99,71
2025-03-03,2025,10,5597763,10080.0,18.007193230581574,1.8898809523809523,7.6,-2.5,85.76190476190476,97,63
2025-03-10,2025,11,5597763,11364.0,20.30096665400089,-0.5369047619047619,5.8,-5.9,78.51785714285714,99,48
2025-03-17,2025,12,5597763,17904.0,31.9842051190806,-0.15535714285714286,7.9,-9.0,70.04761904761905,98,31
2025-03-24,2025,13,5597763,15460.0,27.618175331824517,5.10297619047619,14.9,-2.5,75.71428571428571,100,38
2025-03-31,2025,14,5597763,11312.0,20.20807240320821,5.005952380952381,12.9,-3.7,67.78571428571429,90,35
2025-04-07,2025,15,5597763,9995.0,17.855346859093533,0.13154761904761902,10.6,-6.9,67.39880952380952,98,34
2025-04-14,2025,16,5597763,6869.0,12.270973244133415,11.42797619047619,24.1,2.2,76.20238095238095,98,38
2025-04-21,2025,17,5597763,4145.0,7.404743644916728,4.8880952380952385,11.9,-2.4,72.54761904761905,98,33
2025-04-28,2025,18,5597763,3577.0,6.390052597796656,6.2785714285714285,13.7,-1.3,67.83333333333333,97,37
2025-05-05,2025,19,5597763,2615.0,4.6715089581320255,4.823214285714285,10.2,1.0,68.73809523809524,98,40
2025-05-12,2025,20,5597763,2085.0,3.724702171206605,10.24047619047619,18.5,3.1,67.35119047619048,98,35
2025-05-19,2025,21,5597763,755.0,1.3487530643937586,13.026785714285714,22.7,6.5,66.02380952380952,95,34
2025-05-26,2025,22,5597763,658.0,1.1754695581074084,14.891666666666667,23.4,9.4,80.48809523809524,99,46
2025-06-02,2025,23,5597763,205.0,0.366217719471153,15.067261904761907,22.8,8.0,73.73214285714286,98,45
2025-06-09,2025,24,5597763,0.0,0.0,14.66607142857143,21.0,9.8,75.63690476190476,97,45
2025-06-16,2025,25,5597763,84.0,0.1500599435881797,15.057738095238093,21.9,10.6,76.41666666666667,96,44
2025-06-23,2025,26,5597763,0.0,0.0,14.439285714285715,20.1,8.4,75.2797619047619,97,36
2025-06-30,2025,27,5597763,0.0,0.0,16.311904761904763,26.6,11.9,74.76190476190476,97,49
2025-07-07,2025,28,5597763,108.0,0.1929342131848025,19.245238095238093,30.2,12.8,81.75595238095238,100,48
2025-07-14,2025,29,5597763,0.0,0.0,22.435714285714283,27.5,14.9,64.38095238095238,99,31
2025-07-21,2025,30,5597763,0.0,0.0,24.075595238095236,32.0,17.6,62.63690476190476,97,27
2025-07-28,2025,31,5597763,0.0,0.0,23.175,31.7,15.1,70.45238095238095,98,35
2025-08-04,2025,32,5597763,0.0,0.0,18.520833333333332,27.4,12.9,75.31547619047619,97,44
2025-08-11,2025,33,5597763,0.0,0.0,16.976190476190474,24.0,10.1,72.28571428571429,96,41
2025-08-18,2025,34,5597763,0.0,0.0,13.255357142857143,20.2,6.7,79.16666666666667,99,53
2025-08-25,2025,35,5597763,0.0,0.0,13.435714285714285,21.7,7.5,85.9047619047619,100,55
2025-09-01,2025,36,5597763,0.0,0.0,16.523214285714285,23.5,8.7,80.50595238095238,98,52
2025-09-08,2025,37,5597763,0.0,0.0,16.511309523809523,23.1,11.1,76.85119047619048,95,52
2025-09-15,2025,38,5597763,0.0,0.0,14.425,20.3,9.6,82.56547619047619,98,59
2025-09-22,2025,39,5597763,393.0,0.7020661646446983,10.310714285714287,19.4,3.6,76.56547619047619,97,51
2025-09-29,2025,40,5597763,0.0,0.0,5.220238095238095,10.6,-0.6,83.57142857142857,100,55
2025-10-06,2025,41,5597763,0.0,0.0,9.10892857142857,14.6,4.9,83.38690476190476,99,62
2025-10-13,2025,42,5597763,0.0,0.0,4.143452380952381,11.0,-3.3,89.23809523809524,100,66
2025-10-20,2025,43,5597763,0.0,0.0,5.824404761904762,11.9,0.2,88.29166666666667,99,71
2025-10-27,2025,44,5597763,0.0,0.0,6.032738095238095,8.9,3.8,91.19047619047619,99,72
2025-11-03,2025,45,5597763,191.0,0.341207728873123,8.35654761904762,11.8,5.6,92.14285714285714,99,78
2025-11-10,2025,46,5597763,2494.0,4.455351182249052,2.9422619047619047,7.8,-2.4,87.77380952380952,98,69
2025-11-17,2025,47,5597763,1868.0,3.3370473169371406,-0.6577380952380952,2.6,-4.3,89.70238095238095,95,82
2025-11-24,2025,48,5597763,6249.0,11.16338794622066,-0.888095238095238,2.8,-9.1,91.99404761904762,97,86
2025-12-01,2025,49,5597763,12423.0,22.192793799951875,1.4815476190476191,3.5,-0.2,96.13690476190476,100,90
2025-12-08,2025,50,5597763,17174.0,30.680112752183327,-0.8833333333333334,7.1,-9.6,89.77380952380952,98,71
2025-12-15,2025,51,5597763,24710.0,44.142633405522886,2.3059523809523808,5.4,-6.4,93.96428571428571,99,86
2025-12-22,2025,52,5597763,16520.0,29.51178890567536,-1.0875,4.0,-7.6,84.27380952380952,100,53
2025-12-29,2026,1,5597763,8668.0,15.484757035980266,-7.861309523809524,-0.5,-14.0,86.63095238095238,95,76
2026-01-05,2026,2,5597763,1369.0,2.445619794907359,-10.618452380952382,-6.0,-19.5,85.18452380952381,92,77
2026-01-12,2026,3,5597763,7823.0,13.975225460599171,-8.255357142857143,-1.9,-12.2,84.86904761904762,94,74
2026-01-19,2026,4,5597763,4528.0,8.088945530562833,-8.35654761904762,-1.1,-18.1,88.94642857142857,97,78
2026-01-26,2026,5,5597763,2223.0,3.9712292213871865,-13.931547619047619,-8.2,-21.6,83.48214285714286,93,71
2026-02-02,2026,6,5597763,2471.0,4.414263340552289,-13.505952380952381,-8.6,-22.9,81.42261904761905,89,70
2026-02-09,2026,7,5597763,4023.0,7.186799441133896,-12.344642857142858,-5.7,-25.8,85.03571428571429,93,72
2026-02-16,2026,8,5597763,4771.0,8.52304751022864,-9.245238095238095,-1.8,-16.5,83.70238095238095,92,67
2026-02-23,2026,9,5597763,2704.0,4.8305010412195015,-4.960119047619047,2.5,-16.5,87.44642857142857,98,71
2026-03-02,2026,10,5597763,3282.0,5.863056367338166,-0.6553571428571429,2.7,-10.4,88.33928571428571,99,71
2026-03-09,2026,11,5597763,2295.0,4.099852030177055,5.059523809523809,13.1,-1.2,77.04761904761905,98,49
2026-03-16,2026,12,5597763,2005.0,3.5817879392178624,3.7446428571428574,11.8,-1.6,74.94047619047619,100,44
2026-03-23,2026,13,5597763,1077.0,1.923982848148448,6.542857142857143,12.4,-0.9,66.07738095238095,94,38
2026-03-30,2026,14,5597763,1033.0,1.8453800205546396,4.705357142857143,11.8,-0.7,79.2797619047619,99,42
2026-04-06,2026,15,5597763,1369.0,2.445619794907359,3.6464285714285714,12.2,-2.4,59.351190476190474,98,25
2026-04-13,2026,16,5597763,1477.0,2.638554008092161,8.008928571428571,17.2,0.3,55.20238095238095,86,24
2026-04-20,2026,17,5597763,845.0,1.5095315753810945,4.975595238095238,15.0,0.0,59.38690476190476,100,21
2026-04-27,2026,18,5597763,0.0,0.0,6.732738095238095,19.1,-1.3,66.44642857142857,97,43
